----------------------------------------------------------------------------------------------------------------------
-- |                                  INSERÇÕES FEITAS NO ESQUEMA DA BASE DO PLANETDATA                               | --
----------------------------------------------------------------------------------------------------------------------


-- INSERÇÕES NA TABELA SISTEMA_PLANETARIO

INSERT INTO SISTEMA_PLANETARIO (NOME, IDADE, ASTROS, QUANTIDADE_DE_PLANETAS) VALUES
('SISTEMA SOLAR', 4.6, 'SOL, MERCÚRIO, VÊNUS, TERRA, MARTE', 8);

INSERT INTO SISTEMA_PLANETARIO (NOME, IDADE, ASTROS, QUANTIDADE_DE_PLANETAS) VALUES
('SISTEMA ALPHA', 2.3, 'ESTRELA A, PLANETA X, PLANETA Y', 3);

INSERT INTO SISTEMA_PLANETARIO (NOME, IDADE, ASTROS, QUANTIDADE_DE_PLANETAS) VALUES
('SISTEMA BETA', 1.8, 'ESTRELA B, PLANETA Z', 2);

INSERT INTO SISTEMA_PLANETARIO (NOME, IDADE, ASTROS, QUANTIDADE_DE_PLANETAS) VALUES
('SISTEMA DELTA', 3.5, 'ESTRELA D, PLANETA W, PLANETA K', 4);

INSERT INTO SISTEMA_PLANETARIO (NOME, IDADE, ASTROS, QUANTIDADE_DE_PLANETAS) VALUES
('SISTEMA GAMA', 5.2, 'ESTRELA G, PLANETA M, PLANETA N', 5);
-----------------------------------------------------------------------------------------------------------------------------------------------------------------------
--INSERÇÕES NA TABELA RECURSO_NATURAL

INSERT INTO RECURSO_NATURAL (NUM_CATALOGACAO, LOCALIZACAO, TIPO, EXPLORAVEL, QUILOGRAMA, METROS) VALUES
(1, +123, 'MINERAL', 'T', 100.5, 50.2);

INSERT INTO RECURSO_NATURAL (NUM_CATALOGACAO, LOCALIZACAO, TIPO, EXPLORAVEL, QUILOGRAMA, METROS) VALUES
(6, -145879, 'MINERAL', 'T', 150.8, 65.3);

INSERT INTO RECURSO_NATURAL (NUM_CATALOGACAO, LOCALIZACAO, TIPO, EXPLORAVEL, QUILOGRAMA, METROS) VALUES
(7, -159753, 'FAUNA E FLORA', 'T', 80.0, 40.5);

INSERT INTO RECURSO_NATURAL (NUM_CATALOGACAO, LOCALIZACAO, TIPO, EXPLORAVEL, QUILOGRAMA, METROS) VALUES
(9, -14789, 'ATMOSFERA', 'F', NULL, NULL);

INSERT INTO RECURSO_NATURAL (NUM_CATALOGACAO, LOCALIZACAO, TIPO, EXPLORAVEL, QUILOGRAMA, METROS) VALUES
(10, +369741, 'MINERAL', 'T', 180.5, 75.0);

INSERT INTO RECURSO_NATURAL (NUM_CATALOGACAO, LOCALIZACAO, TIPO, EXPLORAVEL, QUILOGRAMA, METROS) VALUES
(25, -753862, 'ATMOSFERA', DEFAULT, NULL, NULL);

INSERT INTO RECURSO_NATURAL (NUM_CATALOGACAO, LOCALIZACAO, TIPO, EXPLORAVEL, QUILOGRAMA, METROS) VALUES
(12, +15741, 'ATMOSFERA', DEFAULT, NULL, NULL);
-----------------------------------------------------------------------------------------------------------------------------------------------------------------------
--INSERÇÕES NA TABELA FAUNA_FLORA


INSERT INTO FAUNA_FLORA (NUM_CATALOGACAO, NOME_CIENTIFICO, HABITAT, EXPECTATIVA_VIDA) VALUES
(1, 'GIRASSOL', 'FLORESTA', 7);

INSERT INTO FAUNA_FLORA (NUM_CATALOGACAO, NOME_CIENTIFICO, HABITAT, EXPECTATIVA_VIDA) VALUES
(7, 'ELEFANTE', 'SAVANA', 15);
-----------------------------------------------------------------------------------------------------------------------------------------------------------------------
-- INSERÇÕES NA TABELA MINERAL

INSERT INTO MINERAL (NUM_CATALOGACAO, NOME, COMPOSICAO_QUIMICA, UTILIZACAO) VALUES
(6, 'OURO', 'AU', 'JÓIAS');

INSERT INTO MINERAL (NUM_CATALOGACAO, NOME, COMPOSICAO_QUIMICA, UTILIZACAO) VALUES
(10, 'FERRO', 'FE', 'CONSTRUÇÃO');
-----------------------------------------------------------------------------------------------------------------------------------------------------------------------
-- INSERÇÕES NA TABELA ATMOSFERA

INSERT INTO ATMOSFERA (NUM_CATALOGACAO, PRESSAO, COMPOSICAO, TEMPERATURA) VALUES
(9, 1.0, 'OXIGÊNIO, NITROGÊNIO', '+25.0°C');

INSERT INTO ATMOSFERA (NUM_CATALOGACAO, PRESSAO, COMPOSICAO, TEMPERATURA) VALUES
(12, 0.8, 'DIÓXIDO DE CARBONO, NITROGÊNIO', '-15.0°C');

INSERT INTO ATMOSFERA (NUM_CATALOGACAO, PRESSAO, COMPOSICAO, TEMPERATURA) VALUES
(25, 2, 'HÉLIO', '-89.0°C');
-----------------------------------------------------------------------------------------------------------------------------------------------------------------------
-- INSERÇÕES NA TABELA PLANETA

INSERT INTO PLANETA (NOME, IDADE, SISTEMA_PLANETARIO) VALUES
('TERRA', 4.54, 'SISTEMA SOLAR');

INSERT INTO PLANETA (NOME, IDADE, SISTEMA_PLANETARIO) VALUES
('MARTE', 4.6, 'SISTEMA SOLAR');

INSERT INTO PLANETA (NOME, IDADE, SISTEMA_PLANETARIO) VALUES
('PLANETA X', 220, 'SISTEMA ALPHA');

INSERT INTO PLANETA (NOME, IDADE, SISTEMA_PLANETARIO) VALUES
('PLANETA Y', 0.08, 'SISTEMA ALPHA');

INSERT INTO PLANETA (NOME, IDADE, SISTEMA_PLANETARIO) VALUES
('PLANETA Z', 0.0011, 'SISTEMA BETA');

INSERT INTO PLANETA (NOME, IDADE, SISTEMA_PLANETARIO) VALUES
('PLANETA M', DEFAULT, 'SISTEMA GAMA');
-----------------------------------------------------------------------------------------------------------------------------------------------------------------------
-- INSERÇÕES NA TABELA POSTO_AVANCADO

INSERT INTO POSTO_AVANCADO (NOME, DATA_CONSTRUCAO, COMPUTADOR, SATELITE, SISTEMA_PLANETARIO, PLANETA) VALUES
('BASE A', TO_DATE('2022-03-15', 'YYYY-MM-DD'), 'T', 'F', 'SISTEMA SOLAR', 'TERRA');

INSERT INTO POSTO_AVANCADO (NOME, DATA_CONSTRUCAO, COMPUTADOR, SATELITE, SISTEMA_PLANETARIO, PLANETA) VALUES
('BASE B', TO_DATE('2022-05-20', 'YYYY-MM-DD'), 'F', 'T', 'SISTEMA ALPHA', 'PLANETA X');

INSERT INTO POSTO_AVANCADO (NOME, DATA_CONSTRUCAO, COMPUTADOR, SATELITE, SISTEMA_PLANETARIO, PLANETA) VALUES
('BASE C', TO_DATE('2022-07-10', 'YYYY-MM-DD'), 'T', 'F', 'SISTEMA BETA', 'PLANETA Z');

INSERT INTO POSTO_AVANCADO (NOME, DATA_CONSTRUCAO, COMPUTADOR, SATELITE, SISTEMA_PLANETARIO, PLANETA) VALUES
('BASE D', TO_DATE('2022-09-25', 'YYYY-MM-DD'), 'T', 'F', 'SISTEMA SOLAR', 'MARTE');

INSERT INTO POSTO_AVANCADO (NOME, DATA_CONSTRUCAO, COMPUTADOR, SATELITE, SISTEMA_PLANETARIO, PLANETA) VALUES
('BASE E', TO_DATE('2022-11-30', 'YYYY-MM-DD'), 'F', 'T', 'SISTEMA ALPHA', 'PLANETA Y');
-----------------------------------------------------------------------------------------------------------------------------------------------------------------------
-- INSERÇÕES NA TABELA SATELITES_NATURAIS

INSERT INTO SATELITES_NATURAIS (NOME, SISTEMA_PLANETARIO, PLANETA) VALUES
('LUA', 'SISTEMA SOLAR', 'TERRA');

INSERT INTO SATELITES_NATURAIS (NOME, SISTEMA_PLANETARIO, PLANETA) VALUES
('FOBOS', 'SISTEMA SOLAR', 'MARTE');

INSERT INTO SATELITES_NATURAIS (NOME, SISTEMA_PLANETARIO, PLANETA) VALUES
('SATÉLITE A', 'SISTEMA ALPHA', 'PLANETA X');

INSERT INTO SATELITES_NATURAIS (NOME, SISTEMA_PLANETARIO, PLANETA) VALUES
('SATÉLITE B', 'SISTEMA BETA', 'PLANETA Z');

INSERT INTO SATELITES_NATURAIS (NOME, SISTEMA_PLANETARIO, PLANETA) VALUES
('SATÉLITE C', 'SISTEMA GAMA', 'PLANETA M');
-----------------------------------------------------------------------------------------------------------------------------------------------------------------------
-- INSERÇÕES NA TABELA MISSAO

INSERT INTO MISSAO (CODIGO, DURACAO, STATUS, SISTEMA_PLANETARIO, PLANETA) VALUES
(1, 365, 'EM ANDAMENTO', 'SISTEMA SOLAR', 'TERRA');

INSERT INTO MISSAO (CODIGO, DURACAO, STATUS, SISTEMA_PLANETARIO, PLANETA) VALUES
(2, 180, 'TERMINADA', 'SISTEMA ALPHA', 'PLANETA X');

INSERT INTO MISSAO (CODIGO, DURACAO, STATUS, SISTEMA_PLANETARIO, PLANETA) VALUES
(3, 270, 'EM ANDAMENTO', 'SISTEMA BETA', 'PLANETA Z');

INSERT INTO MISSAO (CODIGO, DURACAO, STATUS, SISTEMA_PLANETARIO, PLANETA) VALUES
(4, 150, 'TERMINADA', 'SISTEMA SOLAR', 'MARTE');

INSERT INTO MISSAO (CODIGO, DURACAO, STATUS, SISTEMA_PLANETARIO, PLANETA) VALUES
(5, 200, 'EM ANDAMENTO', 'SISTEMA GAMA', 'PLANETA M');

-----------------------------------------------------------------------------------------------------------------------------------------------------------------------
--INSERÇÕES NA TABELA TAREFA

INSERT INTO TAREFA (ID, CATEGORIA, NUMERO, CODIGO, DATA, CONCLUIDA) VALUES
(1, 'PESQUISA', 1, 1, TO_DATE('2022-04-01', 'YYYY-MM-DD'), 'V');

INSERT INTO TAREFA (ID, CATEGORIA, NUMERO, CODIGO, DATA, CONCLUIDA) VALUES
(2, 'CONSTRUÇÃO', 2, 1, TO_DATE('2022-05-10', 'YYYY-MM-DD'), 'F');

INSERT INTO TAREFA (ID, CATEGORIA, NUMERO, CODIGO, DATA, CONCLUIDA) VALUES
(3, 'REPARO', 3, 2, TO_DATE('2022-08-15', 'YYYY-MM-DD'), 'V');

INSERT INTO TAREFA (ID, CATEGORIA, NUMERO, CODIGO, DATA, CONCLUIDA) VALUES
(4, 'DOCUMENTAÇÃO', 4, 3, TO_DATE('2022-10-20', 'YYYY-MM-DD'), 'F');

INSERT INTO TAREFA (ID, CATEGORIA, NUMERO, CODIGO, DATA, CONCLUIDA) VALUES
(5, 'PESQUISA', 5, 4, TO_DATE('2022-12-01', 'YYYY-MM-DD'), 'F');
-----------------------------------------------------------------------------------------------------------------------------------------------------------------------
-- INSERÇÕES NA TABELA EVENTOS_ASTRONOMICOS

INSERT INTO EVENTOS_ASTRONOMICOS (TIPO, NOME, FATALIDADE) VALUES
('ECLIPSE SOLAR', 'ECLIPSE TOTAL', 'RISCO');

INSERT INTO EVENTOS_ASTRONOMICOS (TIPO, NOME, FATALIDADE) VALUES
('ASTERÓIDE', 'ASTERÓIDE X', 'FATAL');

INSERT INTO EVENTOS_ASTRONOMICOS (TIPO, NOME, FATALIDADE) VALUES
('CHUVA DE METEOROS', 'PERSEIDAS', 'NORMAL');

INSERT INTO EVENTOS_ASTRONOMICOS (TIPO, NOME, FATALIDADE) VALUES
('COMETA', 'COMETA A', 'NORMAL');

INSERT INTO EVENTOS_ASTRONOMICOS (TIPO, NOME, FATALIDADE) VALUES
('AURORA BOREAL', 'AURORA DO NORTE', 'NORMAL');
-----------------------------------------------------------------------------------------------------------------------------------------------------------------------
-- INSERÇÕES NA TABELA OBSERVACAO

INSERT INTO OBSERVACAO (ID, DATA, HORA, TIPO, DURACAO, SISTEMA_PLANETARIO, PLANETA) 
VALUES
(1, TO_DATE('2022-06-01', 'YYYY-MM-DD'), TO_DSINTERVAL('0 21:45:00'), 'ECLIPSE SOLAR', 1.5, 'SISTEMA SOLAR', 'TERRA');

INSERT INTO OBSERVACAO (ID, DATA, HORA, TIPO, DURACAO, SISTEMA_PLANETARIO, PLANETA) 
VALUES
(2, TO_DATE('2022-09-10', 'YYYY-MM-DD'), TO_DSINTERVAL('0 02:30:00'), 'ASTERÓIDE', 0.5, 'SISTEMA ALPHA', 'PLANETA X');

INSERT INTO OBSERVACAO (ID, DATA, HORA, TIPO, DURACAO, SISTEMA_PLANETARIO, PLANETA) 
VALUES
(3, TO_DATE('2022-11-15', 'YYYY-MM-DD'), TO_DSINTERVAL('0 19:15:00'), 'CHUVA DE METEOROS', 2.0, 'SISTEMA BETA', 'PLANETA Z');

INSERT INTO OBSERVACAO (ID, DATA, HORA, TIPO, DURACAO, SISTEMA_PLANETARIO, PLANETA) 
VALUES
(4, TO_DATE('2023-02-20', 'YYYY-MM-DD'), TO_DSINTERVAL('0 04:00:00'), 'COMETA', 1.0, 'SISTEMA SOLAR', 'MARTE');

INSERT INTO OBSERVACAO (ID, DATA, HORA, TIPO, DURACAO, SISTEMA_PLANETARIO, PLANETA) 
VALUES
(5, TO_DATE('2023-04-05', 'YYYY-MM-DD'), TO_DSINTERVAL('0 23:30:00'), 'AURORA BOREAL', 1.8, 'SISTEMA GAMA', 'PLANETA M');

INSERT INTO OBSERVACAO (ID, DATA, HORA, TIPO, DURACAO, SISTEMA_PLANETARIO, PLANETA) 
VALUES
(6, TO_DATE('2022-04-05', 'YYYY-MM-DD'), TO_DSINTERVAL('0 21:30:00'), 'AURORA BOREAL', 8.9, 'SISTEMA SOLAR', 'TERRA');
-----------------------------------------------------------------------------------------------------------------------------------------------------------------------
--INSERÇÕES NA TABELA TRIPULANTE

INSERT INTO TRIPULANTE (ID_ESPACIAL, NOME, GENERO, FUNCAO1, FUNCAO2) VALUES
(1, 'JOÃO SILVA', 'MASCULINO', 'CIENTISTA', 'ENGENHEIRO');

INSERT INTO TRIPULANTE (ID_ESPACIAL, NOME, GENERO, FUNCAO1, FUNCAO2) VALUES
(2, 'MARIA OLIVEIRA', 'FEMININO', 'ASTRÔNOMO', NULL);

INSERT INTO TRIPULANTE (ID_ESPACIAL, NOME, GENERO, FUNCAO1, FUNCAO2) VALUES
(3, 'CARLOS SANTOS', 'MASCULINO', 'PILOTO', NULL);

INSERT INTO TRIPULANTE (ID_ESPACIAL, NOME, GENERO, FUNCAO1, FUNCAO2) VALUES
(4, 'ANA COSTA', 'FEMININO', 'ENGENHEIRO', NULL);

INSERT INTO TRIPULANTE (ID_ESPACIAL, NOME, GENERO, FUNCAO1, FUNCAO2) VALUES
(5, 'PEDRO ALMEIDA', 'MASCULINO', 'CIENTISTA', 'ENGENHEIRO');
-----------------------------------------------------------------------------------------------------------------------------------------------------------------------
--INSERÇÕES NA TABELA REALIZA

INSERT INTO REALIZA (TRIPULANTE, TAREFA) VALUES (1, 1);

INSERT INTO REALIZA (TRIPULANTE, TAREFA) VALUES (2, 2);

INSERT INTO REALIZA (TRIPULANTE, TAREFA) VALUES (3, 3);

INSERT INTO REALIZA (TRIPULANTE, TAREFA) VALUES (4, 4);

INSERT INTO REALIZA (TRIPULANTE, TAREFA) VALUES (5, 5);
-----------------------------------------------------------------------------------------------------------------------------------------------------------------------
--INSERÇÕES NA TABELA ESTUDA

INSERT INTO ESTUDA (TRIPULANTE, OBSERVACAO) VALUES (1, 1);

INSERT INTO ESTUDA (TRIPULANTE, OBSERVACAO) VALUES (2, 2);

INSERT INTO ESTUDA (TRIPULANTE, OBSERVACAO) VALUES (3, 3);

INSERT INTO ESTUDA (TRIPULANTE, OBSERVACAO) VALUES (4, 4);

INSERT INTO ESTUDA (TRIPULANTE, OBSERVACAO) VALUES (5, 5);
-----------------------------------------------------------------------------------------------------------------------------------------------------------------------
--INSERÇÕES NA TABELA NAVE_ESPACIAL

INSERT INTO NAVE_ESPACIAL (NUM_FABRICACAO, DATA_FABRICACAO, TIPO) VALUES (123, TO_DATE('2023-01-15', 'YYYY-MM-DD'), 'PRIMÁRIA');

INSERT INTO NAVE_ESPACIAL (NUM_FABRICACAO, DATA_FABRICACAO, TIPO) VALUES (258, TO_DATE('2020-03-25', 'YYYY-MM-DD'), 'SONDA');

INSERT INTO NAVE_ESPACIAL (NUM_FABRICACAO, DATA_FABRICACAO, TIPO) VALUES (366, TO_DATE('2022-06-05', 'YYYY-MM-DD'), 'PRIMÁRIA');

INSERT INTO NAVE_ESPACIAL (NUM_FABRICACAO, DATA_FABRICACAO, TIPO) VALUES (497, TO_DATE('2022-08-10', 'YYYY-MM-DD'), 'PRIMÁRIA');

INSERT INTO NAVE_ESPACIAL (NUM_FABRICACAO, DATA_FABRICACAO, TIPO) VALUES (501, TO_DATE('2023-10-20', 'YYYY-MM-DD'), 'SECUNDÁRIA');

INSERT INTO NAVE_ESPACIAL (NUM_FABRICACAO, DATA_FABRICACAO, TIPO) VALUES (963, TO_DATE('2021-10-20', 'YYYY-MM-DD'), 'SONDA');
-----------------------------------------------------------------------------------------------------------------------------------------------------------------------
--INSERÇÕES NA TABELA PRIMARIA

INSERT INTO PRIMARIA (NUM_FABRICACAO) VALUES (123);

INSERT INTO PRIMARIA (NUM_FABRICACAO) VALUES (366);

INSERT INTO PRIMARIA (NUM_FABRICACAO) VALUES (497);
-----------------------------------------------------------------------------------------------------------------------------------------------------------------------
--INSERÇÕES NA TABELA SONDA


INSERT INTO SONDA (NUM_FABRICACAO, SISTEMA_PLANETARIO, PLANETA, PRIMARIA, ESTADO, DATA_ACOPLAMENTO) VALUES
(258, 'SISTEMA BETA', 'PLANETA Z', 123, 'ACOPLADA', TO_DATE('2022-06-15', 'YYYY-MM-DD'));

INSERT INTO SONDA (NUM_FABRICACAO, SISTEMA_PLANETARIO, PLANETA, PRIMARIA, ESTADO, DATA_ACOPLAMENTO) VALUES
(963, 'SISTEMA GAMA', 'PLANETA M', 366, 'MANUTENÇÃO', TO_DATE('2023-01-05', 'YYYY-MM-DD'));
-----------------------------------------------------------------------------------------------------------------------------------------------------------------------
--INSERÇÕES NA TABELA PARTICIPA

INSERT INTO PARTICIPA (TRIPULANTE, MISSAO, NAVE_ESPACIAL) VALUES (1, 1, 123);

INSERT INTO PARTICIPA (TRIPULANTE, MISSAO, NAVE_ESPACIAL) VALUES (2, 1, 366);

INSERT INTO PARTICIPA (TRIPULANTE, MISSAO, NAVE_ESPACIAL) VALUES (3, 3, 497);

INSERT INTO PARTICIPA (TRIPULANTE, MISSAO, NAVE_ESPACIAL) VALUES (5, 4, 501);
-----------------------------------------------------------------------------------------------------------------------------------------------------------------------
--INSERÇÕES NA TABELA POSSUI

INSERT INTO POSSUI (RECURSO_NATURAL, SISTEMA_PLANETARIO, PLANETA) VALUES (1, 'SISTEMA SOLAR', 'TERRA');

INSERT INTO POSSUI (RECURSO_NATURAL, SISTEMA_PLANETARIO, PLANETA) VALUES (6, 'SISTEMA ALPHA', 'PLANETA X');

INSERT INTO POSSUI (RECURSO_NATURAL, SISTEMA_PLANETARIO, PLANETA) VALUES (7, 'SISTEMA BETA', 'PLANETA Z');

INSERT INTO POSSUI (RECURSO_NATURAL, SISTEMA_PLANETARIO, PLANETA) VALUES (9, 'SISTEMA SOLAR', 'MARTE');

INSERT INTO POSSUI (RECURSO_NATURAL, SISTEMA_PLANETARIO, PLANETA) VALUES (10, 'SISTEMA GAMA', 'PLANETA M');

INSERT INTO POSSUI (RECURSO_NATURAL, SISTEMA_PLANETARIO, PLANETA) VALUES (25, 'SISTEMA SOLAR', 'TERRA');

INSERT INTO POSSUI (RECURSO_NATURAL, SISTEMA_PLANETARIO, PLANETA) VALUES (12, 'SISTEMA ALPHA', 'PLANETA Y');
-----------------------------------------------------------------------------------------------------------------------------------------------------------------------