{
	"partitions" : [
		{
			"name" : "Top",
			"pins" : [
				{
					"name" : "toptop0",
					"strict" : false
				},
				{
					"name" : "topright0",
					"strict" : false
				},
				{
					"name" : "botright0",
					"strict" : false
				},
				{
					"name" : "botleft0",
					"strict" : false
				},
				{
					"name" : "topleft0",
					"strict" : false
				},
				{
					"name" : "mid0",
					"strict" : false
				},
				{
					"name" : "botbot0",
					"strict" : false
				},
				{
					"name" : "toptop1",
					"strict" : false
				},
				{
					"name" : "topright1",
					"strict" : false
				},
				{
					"name" : "botright1",
					"strict" : false
				},
				{
					"name" : "botbot1",
					"strict" : false
				},
				{
					"name" : "botleft1",
					"strict" : false
				},
				{
					"name" : "topleft1",
					"strict" : false
				},
				{
					"name" : "mid1",
					"strict" : false
				},
				{
					"name" : "toptopq",
					"strict" : false
				},
				{
					"name" : "toprightq",
					"strict" : false
				},
				{
					"name" : "botrightq",
					"strict" : false
				},
				{
					"name" : "botbotq",
					"strict" : false
				},
				{
					"name" : "botleftq",
					"strict" : false
				},
				{
					"name" : "topleftq",
					"strict" : false
				},
				{
					"name" : "midq",
					"strict" : false
				},
				{
					"name" : "toptopr0",
					"strict" : false
				},
				{
					"name" : "botrightr0",
					"strict" : false
				},
				{
					"name" : "toprightr0",
					"strict" : false
				},
				{
					"name" : "botbotr0",
					"strict" : false
				},
				{
					"name" : "topleftr0",
					"strict" : false
				},
				{
					"name" : "midr0",
					"strict" : false
				},
				{
					"name" : "botleftr0",
					"strict" : false
				},
				{
					"name" : "toptopr1",
					"strict" : false
				},
				{
					"name" : "botrightr1",
					"strict" : false
				},
				{
					"name" : "botbotr1",
					"strict" : false
				},
				{
					"name" : "midr1",
					"strict" : false
				},
				{
					"name" : "botleftr1",
					"strict" : false
				},
				{
					"name" : "topleftr1",
					"strict" : false
				},
				{
					"name" : "bit4",
					"strict" : false
				},
				{
					"name" : "bit5",
					"strict" : false
				},
				{
					"name" : "bit6",
					"strict" : false
				},
				{
					"name" : "bit7",
					"strict" : false
				},
				{
					"name" : "bit0",
					"strict" : false
				},
				{
					"name" : "bit1",
					"strict" : false
				},
				{
					"name" : "bit2",
					"strict" : false
				},
				{
					"name" : "bit3",
					"strict" : false
				}
			]
		}
	]
}