{
	"partitions" : [
		{
			"name" : "Top",
			"pins" : [
				{
					"name" : "a1",
					"strict" : false
				},
				{
					"name" : "c1",
					"strict" : false
				},
				{
					"name" : "d4",
					"strict" : false
				},
				{
					"name" : "e1",
					"strict" : false
				},
				{
					"name" : "g1",
					"strict" : false
				},
				{
					"name" : "f1",
					"strict" : false
				},
				{
					"name" : "b1",
					"strict" : false
				},
				{
					"name" : "D3",
					"strict" : false
				},
				{
					"name" : "D0",
					"strict" : false
				},
				{
					"name" : "D2",
					"strict" : false
				},
				{
					"name" : "D1",
					"strict" : false
				}
			]
		}
	]
}