INSERT INTO L01_PAIS (ID, NOME, CONTINENTE, POPULACAO) VALUES (1, 'Brasil', 'América do Sul', 213317639);
INSERT INTO L01_PAIS (ID, NOME, CONTINENTE, POPULACAO) VALUES (2, 'Estados Unidos', 'América do Norte', 331893745);
INSERT INTO L01_PAIS (ID, NOME, CONTINENTE, POPULACAO) VALUES (3, 'China', 'Ásia', 1444216107);
INSERT INTO L01_PAIS (ID, NOME, CONTINENTE, POPULACAO) VALUES (4, 'Índia', 'Ásia', 1393409038);
INSERT INTO L01_PAIS (ID, NOME, CONTINENTE, POPULACAO) VALUES (5, 'Rússia', 'Europa/Ásia', 145912025);
INSERT INTO L01_PAIS (ID, NOME, CONTINENTE, POPULACAO) VALUES (6, 'Japão', 'Ásia', 125836021);
INSERT INTO L01_PAIS (ID, NOME, CONTINENTE, POPULACAO) VALUES (7, 'Alemanha', 'Europa', 83240525);
INSERT INTO L01_PAIS (ID, NOME, CONTINENTE, POPULACAO) VALUES (8, 'França', 'Europa', 67348000);
INSERT INTO L01_PAIS (ID, NOME, CONTINENTE, POPULACAO) VALUES (9, 'Reino Unido', 'Europa', 67215293);
INSERT INTO L01_PAIS (ID, NOME, CONTINENTE, POPULACAO) VALUES (10, 'Itália', 'Europa', 59554023);
INSERT INTO L01_PAIS (ID, NOME, CONTINENTE, POPULACAO) VALUES (11, 'Canadá', 'América do Norte', 38389000);
INSERT INTO L01_PAIS (ID, NOME, CONTINENTE, POPULACAO) VALUES (12, 'México', 'América do Norte', 126014024);
INSERT INTO L01_PAIS (ID, NOME, CONTINENTE, POPULACAO) VALUES (13, 'Argentina', 'América do Sul', 45195774);
INSERT INTO L01_PAIS (ID, NOME, CONTINENTE, POPULACAO) VALUES (14, 'África do Sul', 'África', 59308690);
INSERT INTO L01_PAIS (ID, NOME, CONTINENTE, POPULACAO) VALUES (15, 'Nigéria', 'África', 206139587);
INSERT INTO L01_PAIS (ID, NOME, CONTINENTE, POPULACAO) VALUES (16, 'Austrália', 'Oceania', 25687041);
INSERT INTO L01_PAIS (ID, NOME, CONTINENTE, POPULACAO) VALUES (17, 'Egito', 'África', 104258327);
INSERT INTO L01_PAIS (ID, NOME, CONTINENTE, POPULACAO) VALUES (18, 'Espanha', 'Europa', 47351567);
INSERT INTO L01_PAIS (ID, NOME, CONTINENTE, POPULACAO) VALUES (19, 'Turquia', 'Europa/Ásia', 85319285);
INSERT INTO L01_PAIS (ID, NOME, CONTINENTE, POPULACAO) VALUES (20, 'Indonésia', 'Ásia', 273523621);
INSERT INTO L01_PAIS (ID, NOME, CONTINENTE, POPULACAO) VALUES (21, 'Grécia', 'Europa', 4353453);



INSERT INTO L02_OLIMPIADA (ANO, PAIS, CIDADE_SEDE, DATA_INICIO, DATA_ENCERRAMENTO) 
VALUES (2000, 'Austrália', 'Sydney', TO_DATE('2000-09-15', 'YYYY-MM-DD'), TO_DATE('2000-10-01', 'YYYY-MM-DD'));

INSERT INTO L02_OLIMPIADA (ANO, PAIS, CIDADE_SEDE, DATA_INICIO, DATA_ENCERRAMENTO) 
VALUES (2004, 'Grécia', 'Atenas', TO_DATE('2004-08-13', 'YYYY-MM-DD'), TO_DATE('2004-08-29', 'YYYY-MM-DD'));

INSERT INTO L02_OLIMPIADA (ANO, PAIS, CIDADE_SEDE, DATA_INICIO, DATA_ENCERRAMENTO) 
VALUES (2008, 'China', 'Pequim', TO_DATE('2008-08-08', 'YYYY-MM-DD'), TO_DATE('2008-08-24', 'YYYY-MM-DD'));

INSERT INTO L02_OLIMPIADA (ANO, PAIS, CIDADE_SEDE, DATA_INICIO, DATA_ENCERRAMENTO) 
VALUES (2012, 'Reino Unido', 'Londres', TO_DATE('2012-07-27', 'YYYY-MM-DD'), TO_DATE('2012-08-12', 'YYYY-MM-DD'));

INSERT INTO L02_OLIMPIADA (ANO, PAIS, CIDADE_SEDE, DATA_INICIO, DATA_ENCERRAMENTO) 
VALUES (2016, 'Brasil', 'Rio de Janeiro', TO_DATE('2016-08-05', 'YYYY-MM-DD'), TO_DATE('2016-08-21', 'YYYY-MM-DD'));

INSERT INTO L02_OLIMPIADA (ANO, PAIS, CIDADE_SEDE, DATA_INICIO, DATA_ENCERRAMENTO) 
VALUES (2020, 'Japão', 'Tóquio', TO_DATE('2021-07-23', 'YYYY-MM-DD'), TO_DATE('2021-08-08', 'YYYY-MM-DD'));


INSERT INTO L03_MODALIDADE (ID, ESPORTE, GENERO) VALUES (1, 'Atletismo', 'M');
INSERT INTO L03_MODALIDADE (ID, ESPORTE, GENERO) VALUES (2, 'Atletismo', 'F');
INSERT INTO L03_MODALIDADE (ID, ESPORTE, GENERO) VALUES (3, 'Natação', 'M');
INSERT INTO L03_MODALIDADE (ID, ESPORTE, GENERO) VALUES (4, 'Natação', 'F');
INSERT INTO L03_MODALIDADE (ID, ESPORTE, GENERO) VALUES (5, 'Ginástica Artística', 'M');
INSERT INTO L03_MODALIDADE (ID, ESPORTE, GENERO) VALUES (6, 'Ginástica Artística', 'F');
INSERT INTO L03_MODALIDADE (ID, ESPORTE, GENERO) VALUES (7, 'Vôlei', 'M');
INSERT INTO L03_MODALIDADE (ID, ESPORTE, GENERO) VALUES (8, 'Vôlei', 'F');
INSERT INTO L03_MODALIDADE (ID, ESPORTE, GENERO) VALUES (9, 'Judô', 'M');
INSERT INTO L03_MODALIDADE (ID, ESPORTE, GENERO) VALUES (10, 'Judô', 'F');
INSERT INTO L03_MODALIDADE (ID, ESPORTE, GENERO) VALUES (11, 'Futebol', 'F');


INSERT INTO L04_LOCAL (ID, NOME, TIPO, CAPACIDADE, PAIS) VALUES (1, 'Estádio do Maracanã', 'ESTADIO', 78838, 'Brasil');
INSERT INTO L04_LOCAL (ID, NOME, TIPO, CAPACIDADE, PAIS) VALUES (2, 'Estádio Olímpico de Sydney', 'ESTADIO', 83500, 'Austrália');
INSERT INTO L04_LOCAL (ID, NOME, TIPO, CAPACIDADE, PAIS) VALUES (3, 'Estádio Nacional de Pequim', 'ESTADIO', 80000, 'China');
INSERT INTO L04_LOCAL (ID, NOME, TIPO, CAPACIDADE, PAIS) VALUES (4, 'Estádio Olímpico de Londres', 'ESTADIO', 66000, 'Reino Unido');
INSERT INTO L04_LOCAL (ID, NOME, TIPO, CAPACIDADE, PAIS) VALUES (5, 'Tokyo Dome', 'GINASIO', 55000, 'Japão');
INSERT INTO L04_LOCAL (ID, NOME, TIPO, CAPACIDADE, PAIS) VALUES (6, 'Arena O2', 'GINASIO', 20000, 'Reino Unido');
INSERT INTO L04_LOCAL (ID, NOME, TIPO, CAPACIDADE, PAIS) VALUES (7, 'Arena Carioca 1', 'GINASIO', 16000, 'Brasil');
INSERT INTO L04_LOCAL (ID, NOME, TIPO, CAPACIDADE, PAIS) VALUES (9, 'Centro Aquático Nacional', 'PISCINA', 17000, 'China');
INSERT INTO L04_LOCAL (ID, NOME, TIPO, CAPACIDADE, PAIS) VALUES (10, 'Centro Aquático Maria Lenk', 'PISCINA', 6000, 'Brasil');


-- Primeira rodada
INSERT INTO L05_DISPUTA (ID, PAIS1, PAIS2, VENCEDOR, MODALIDADE, OLIMPIADA, DATA_HORA, LOCAL) 
VALUES (1, 'Brasil', 'Estados Unidos', 'Brasil', 1, 2008, TO_DATE('2008-08-09 10:00:00', 'YYYY-MM-DD HH24:MI:SS'), 3);

INSERT INTO L05_DISPUTA (ID, PAIS1, PAIS2, VENCEDOR, MODALIDADE, OLIMPIADA, DATA_HORA, LOCAL) 
VALUES (2, 'China', 'Japão', 'China', 1, 2008, TO_DATE('2008-08-09 12:00:00', 'YYYY-MM-DD HH24:MI:SS'), 3);

INSERT INTO L05_DISPUTA (ID, PAIS1, PAIS2, VENCEDOR, MODALIDADE, OLIMPIADA, DATA_HORA, LOCAL) 
VALUES (3, 'Alemanha', 'França', 'Alemanha', 1, 2008, TO_DATE('2008-08-09 14:00:00', 'YYYY-MM-DD HH24:MI:SS'), 3);

INSERT INTO L05_DISPUTA (ID, PAIS1, PAIS2, VENCEDOR, MODALIDADE, OLIMPIADA, DATA_HORA, LOCAL) 
VALUES (4, 'Reino Unido', 'Rússia', 'Reino Unido', 1, 2008, TO_DATE('2008-08-09 16:00:00', 'YYYY-MM-DD HH24:MI:SS'), 3);

-- Segunda rodada
INSERT INTO L05_DISPUTA (ID, PAIS1, PAIS2, VENCEDOR, MODALIDADE, OLIMPIADA, DATA_HORA, LOCAL) 
VALUES (5, 'Brasil', 'China', 'Brasil', 1, 2008, TO_DATE('2008-08-11 10:00:00', 'YYYY-MM-DD HH24:MI:SS'), 3);

INSERT INTO L05_DISPUTA (ID, PAIS1, PAIS2, VENCEDOR, MODALIDADE, OLIMPIADA, DATA_HORA, LOCAL) 
VALUES (6, 'Alemanha', 'Reino Unido', 'Alemanha', 1, 2008, TO_DATE('2008-08-11 12:00:00', 'YYYY-MM-DD HH24:MI:SS'), 3);

-- Final
INSERT INTO L05_DISPUTA (ID, PAIS1, PAIS2, VENCEDOR, MODALIDADE, OLIMPIADA, DATA_HORA, LOCAL) 
VALUES (7, 'Brasil', 'Alemanha', 'Brasil', 1, 2008, TO_DATE('2008-08-13 15:00:00', 'YYYY-MM-DD HH24:MI:SS'), 3);



-- Primeira rodada
INSERT INTO L05_DISPUTA (ID, PAIS1, PAIS2, VENCEDOR, MODALIDADE, OLIMPIADA, DATA_HORA, LOCAL) 
VALUES (32, 'Brasil', 'Alemanha', 'Alemanha', 11, 2012, TO_DATE('2012-07-28 10:00:00', 'YYYY-MM-DD HH24:MI:SS'), 4);

INSERT INTO L05_DISPUTA (ID, PAIS1, PAIS2, VENCEDOR, MODALIDADE, OLIMPIADA, DATA_HORA, LOCAL) 
VALUES (33, 'Estados Unidos', 'China', 'Estados Unidos', 11, 2012, TO_DATE('2012-07-28 12:00:00', 'YYYY-MM-DD HH24:MI:SS'), 4);

INSERT INTO L05_DISPUTA (ID, PAIS1, PAIS2, VENCEDOR, MODALIDADE, OLIMPIADA, DATA_HORA, LOCAL) 
VALUES (34, 'Japão', 'França', 'França', 11, 2012, TO_DATE('2012-07-28 14:00:00', 'YYYY-MM-DD HH24:MI:SS'), 4);

INSERT INTO L05_DISPUTA (ID, PAIS1, PAIS2, VENCEDOR, MODALIDADE, OLIMPIADA, DATA_HORA, LOCAL) 
VALUES (35, 'Rússia', 'Reino Unido', 'Reino Unido', 11, 2012, TO_DATE('2012-07-28 16:00:00', 'YYYY-MM-DD HH24:MI:SS'), 4);

INSERT INTO L05_DISPUTA (ID, PAIS1, PAIS2, VENCEDOR, MODALIDADE, OLIMPIADA, DATA_HORA, LOCAL) 
VALUES (36, 'Austrália', 'Nigéria', 'Austrália', 11, 2012, TO_DATE('2012-07-29 10:00:00', 'YYYY-MM-DD HH24:MI:SS'), 4);

INSERT INTO L05_DISPUTA (ID, PAIS1, PAIS2, VENCEDOR, MODALIDADE, OLIMPIADA, DATA_HORA, LOCAL) 
VALUES (37, 'Argentina', 'Itália', 'Itália', 11, 2012, TO_DATE('2012-07-29 12:00:00', 'YYYY-MM-DD HH24:MI:SS'), 4);

INSERT INTO L05_DISPUTA (ID, PAIS1, PAIS2, VENCEDOR, MODALIDADE, OLIMPIADA, DATA_HORA, LOCAL) 
VALUES (38, 'Canadá', 'Espanha', 'Espanha', 11, 2012, TO_DATE('2012-07-29 14:00:00', 'YYYY-MM-DD HH24:MI:SS'), 4);

INSERT INTO L05_DISPUTA (ID, PAIS1, PAIS2, VENCEDOR, MODALIDADE, OLIMPIADA, DATA_HORA, LOCAL) 
VALUES (39, 'México', 'África do Sul', 'México', 11, 2012, TO_DATE('2012-07-29 16:00:00', 'YYYY-MM-DD HH24:MI:SS'), 4);

-- Segunda rodada
INSERT INTO L05_DISPUTA (ID, PAIS1, PAIS2, VENCEDOR, MODALIDADE, OLIMPIADA, DATA_HORA, LOCAL) 
VALUES (40, 'Alemanha', 'Estados Unidos', 'Estados Unidos', 11, 2012, TO_DATE('2012-07-31 10:00:00', 'YYYY-MM-DD HH24:MI:SS'), 4);

INSERT INTO L05_DISPUTA (ID, PAIS1, PAIS2, VENCEDOR, MODALIDADE, OLIMPIADA, DATA_HORA, LOCAL) 
VALUES (41, 'França', 'Reino Unido', 'Reino Unido', 11, 2012, TO_DATE('2012-07-31 12:00:00', 'YYYY-MM-DD HH24:MI:SS'), 4);

INSERT INTO L05_DISPUTA (ID, PAIS1, PAIS2, VENCEDOR, MODALIDADE, OLIMPIADA, DATA_HORA, LOCAL) 
VALUES (42, 'Austrália', 'Itália', 'Austrália', 11, 2012, TO_DATE('2012-07-31 14:00:00', 'YYYY-MM-DD HH24:MI:SS'), 4);

INSERT INTO L05_DISPUTA (ID, PAIS1, PAIS2, VENCEDOR, MODALIDADE, OLIMPIADA, DATA_HORA, LOCAL) 
VALUES (43, 'Espanha', 'México', 'Espanha', 11, 2012, TO_DATE('2012-07-31 16:00:00', 'YYYY-MM-DD HH24:MI:SS'), 4);

-- Semifinais
INSERT INTO L05_DISPUTA (ID, PAIS1, PAIS2, VENCEDOR, MODALIDADE, OLIMPIADA, DATA_HORA, LOCAL) 
VALUES (44, 'Estados Unidos', 'Reino Unido', 'Reino Unido', 11, 2012, TO_DATE('2012-08-02 10:00:00', 'YYYY-MM-DD HH24:MI:SS'), 4);

INSERT INTO L05_DISPUTA (ID, PAIS1, PAIS2, VENCEDOR, MODALIDADE, OLIMPIADA, DATA_HORA, LOCAL) 
VALUES (45, 'Austrália', 'Espanha', 'Espanha', 11, 2012, TO_DATE('2012-08-02 12:00:00', 'YYYY-MM-DD HH24:MI:SS'), 4);

-- Final
INSERT INTO L05_DISPUTA (ID, PAIS1, PAIS2, VENCEDOR, MODALIDADE, OLIMPIADA, DATA_HORA, LOCAL) 
VALUES (46, 'Reino Unido', 'Espanha', 'Reino Unido', 11, 2012, TO_DATE('2012-08-04 15:00:00', 'YYYY-MM-DD HH24:MI:SS'), 4);


-- Primeira rodada em 2008
INSERT INTO L05_DISPUTA (ID, PAIS1, PAIS2, VENCEDOR, MODALIDADE, OLIMPIADA, DATA_HORA, LOCAL)
VALUES (47, 'Brasil', 'Estados Unidos', 'Brasil', 8, 2008, TO_DATE('2008-08-09 10:00:00', 'YYYY-MM-DD HH24:MI:SS'), 10);

INSERT INTO L05_DISPUTA (ID, PAIS1, PAIS2, VENCEDOR, MODALIDADE, OLIMPIADA, DATA_HORA, LOCAL)
VALUES (48, 'China', 'Japão', 'China', 8, 2008, TO_DATE('2008-08-09 12:00:00', 'YYYY-MM-DD HH24:MI:SS'), 10);

INSERT INTO L05_DISPUTA (ID, PAIS1, PAIS2, VENCEDOR, MODALIDADE, OLIMPIADA, DATA_HORA, LOCAL)
VALUES (49, 'Alemanha', 'França', 'Alemanha', 8, 2008, TO_DATE('2008-08-09 14:00:00', 'YYYY-MM-DD HH24:MI:SS'), 10);

INSERT INTO L05_DISPUTA (ID, PAIS1, PAIS2, VENCEDOR, MODALIDADE, OLIMPIADA, DATA_HORA, LOCAL)
VALUES (50, 'Reino Unido', 'Rússia', 'Reino Unido', 8, 2008, TO_DATE('2008-08-09 16:00:00', 'YYYY-MM-DD HH24:MI:SS'), 10);

-- Segunda rodada em 2008
INSERT INTO L05_DISPUTA (ID, PAIS1, PAIS2, VENCEDOR, MODALIDADE, OLIMPIADA, DATA_HORA, LOCAL)
VALUES (51, 'Brasil', 'China', 'Brasil', 8, 2008, TO_DATE('2008-08-11 10:00:00', 'YYYY-MM-DD HH24:MI:SS'), 10);

INSERT INTO L05_DISPUTA (ID, PAIS1, PAIS2, VENCEDOR, MODALIDADE, OLIMPIADA, DATA_HORA, LOCAL)
VALUES (52, 'Alemanha', 'Reino Unido', 'Alemanha', 8, 2008, TO_DATE('2008-08-11 12:00:00', 'YYYY-MM-DD HH24:MI:SS'), 10);

-- Final em 2008
INSERT INTO L05_DISPUTA (ID, PAIS1, PAIS2, VENCEDOR, MODALIDADE, OLIMPIADA, DATA_HORA, LOCAL)
VALUES (53, 'Brasil', 'Alemanha', 'Brasil', 8, 2008, TO_DATE('2008-08-13 15:00:00', 'YYYY-MM-DD HH24:MI:SS'), 10);



INSERT INTO L05_DISPUTA (ID, PAIS1, PAIS2, VENCEDOR, MODALIDADE, OLIMPIADA, DATA_HORA, LOCAL)
VALUES (80, 'Brasil', 'Estados Unidos', 'Estados Unidos', 5, 2008, TO_DATE('2008-08-10 10:00:00', 'YYYY-MM-DD HH24:MI:SS'), 7);

INSERT INTO L05_DISPUTA (ID, PAIS1, PAIS2, VENCEDOR, MODALIDADE, OLIMPIADA, DATA_HORA, LOCAL)
VALUES (81, 'China', 'Japão', 'China', 5, 2008, TO_DATE('2008-08-10 12:00:00', 'YYYY-MM-DD HH24:MI:SS'), 7);

INSERT INTO L05_DISPUTA (ID, PAIS1, PAIS2, VENCEDOR, MODALIDADE, OLIMPIADA, DATA_HORA, LOCAL)
VALUES (82, 'Alemanha', 'França', 'Alemanha', 5, 2008, TO_DATE('2008-08-10 14:00:00', 'YYYY-MM-DD HH24:MI:SS'), 7);

INSERT INTO L05_DISPUTA (ID, PAIS1, PAIS2, VENCEDOR, MODALIDADE, OLIMPIADA, DATA_HORA, LOCAL)
VALUES (83, 'Reino Unido', 'Rússia', 'Rússia', 5, 2008, TO_DATE('2008-08-10 16:00:00', 'YYYY-MM-DD HH24:MI:SS'), 7);

-- Segunda rodada
INSERT INTO L05_DISPUTA (ID, PAIS1, PAIS2, VENCEDOR, MODALIDADE, OLIMPIADA, DATA_HORA, LOCAL)
VALUES (84, 'Estados Unidos', 'China', 'China', 5, 2008, TO_DATE('2008-08-12 10:00:00', 'YYYY-MM-DD HH24:MI:SS'), 7);

INSERT INTO L05_DISPUTA (ID, PAIS1, PAIS2, VENCEDOR, MODALIDADE, OLIMPIADA, DATA_HORA, LOCAL)
VALUES (85, 'Alemanha', 'Rússia', 'Alemanha', 5, 2008, TO_DATE('2008-08-12 12:00:00', 'YYYY-MM-DD HH24:MI:SS'), 7);

-- Final
INSERT INTO L05_DISPUTA (ID, PAIS1, PAIS2, VENCEDOR, MODALIDADE, OLIMPIADA, DATA_HORA, LOCAL)
VALUES (86, 'China', 'Alemanha', 'China', 5, 2008, TO_DATE('2008-08-14 15:00:00', 'YYYY-MM-DD HH24:MI:SS'), 7);


-- Fase Eliminatória
INSERT INTO L05_DISPUTA (ID, PAIS1, PAIS2, VENCEDOR, MODALIDADE, OLIMPIADA, DATA_HORA, LOCAL) VALUES
(500, 'França', 'Japão', 'Japão', 10, 2012, TO_DATE('2012-07-30 10:00', 'YYYY-MM-DD HH24:MI'), 6);
INSERT INTO L05_DISPUTA (ID, PAIS1, PAIS2, VENCEDOR, MODALIDADE, OLIMPIADA, DATA_HORA, LOCAL) VALUES
(501, 'Estados Unidos', 'Brasil', 'Estados Unidos', 10, 2012, TO_DATE('2012-07-30 12:00', 'YYYY-MM-DD HH24:MI'), 6);
INSERT INTO L05_DISPUTA (ID, PAIS1, PAIS2, VENCEDOR, MODALIDADE, OLIMPIADA, DATA_HORA, LOCAL) VALUES
(502, 'Canadá', 'Alemanha', 'Alemanha', 10, 2012, TO_DATE('2012-07-30 14:00', 'YYYY-MM-DD HH24:MI'), 6);
INSERT INTO L05_DISPUTA (ID, PAIS1, PAIS2, VENCEDOR, MODALIDADE, OLIMPIADA, DATA_HORA, LOCAL) VALUES
(503, 'China', 'Rússia', 'China', 10, 2012, TO_DATE('2012-07-30 16:00', 'YYYY-MM-DD HH24:MI'), 6);
INSERT INTO L05_DISPUTA (ID, PAIS1, PAIS2, VENCEDOR, MODALIDADE, OLIMPIADA, DATA_HORA, LOCAL) VALUES
(504, 'Itália', 'Nigéria', 'Nigéria', 10, 2012, TO_DATE('2012-07-31 10:00', 'YYYY-MM-DD HH24:MI'), 6);
INSERT INTO L05_DISPUTA (ID, PAIS1, PAIS2, VENCEDOR, MODALIDADE, OLIMPIADA, DATA_HORA, LOCAL) VALUES
(505, 'Argentina', 'Reino Unido', 'Reino Unido', 10, 2012, TO_DATE('2012-07-31 12:00', 'YYYY-MM-DD HH24:MI'), 6);
INSERT INTO L05_DISPUTA (ID, PAIS1, PAIS2, VENCEDOR, MODALIDADE, OLIMPIADA, DATA_HORA, LOCAL) VALUES
(506, 'Espanha', 'Austrália', 'Espanha', 10, 2012, TO_DATE('2012-07-31 14:00', 'YYYY-MM-DD HH24:MI'), 6);
INSERT INTO L05_DISPUTA (ID, PAIS1, PAIS2, VENCEDOR, MODALIDADE, OLIMPIADA, DATA_HORA, LOCAL) VALUES
(507, 'Turquia', 'México', 'México', 10, 2012, TO_DATE('2012-07-31 16:00', 'YYYY-MM-DD HH24:MI'), 6);

-- Quartas de Final
INSERT INTO L05_DISPUTA (ID, PAIS1, PAIS2, VENCEDOR, MODALIDADE, OLIMPIADA, DATA_HORA, LOCAL) VALUES
(508, 'Japão', 'Estados Unidos', 'Japão', 10, 2012, TO_DATE('2012-08-01 10:00', 'YYYY-MM-DD HH24:MI'), 6);
INSERT INTO L05_DISPUTA (ID, PAIS1, PAIS2, VENCEDOR, MODALIDADE, OLIMPIADA, DATA_HORA, LOCAL) VALUES
(509, 'Alemanha', 'China', 'China', 10, 2012, TO_DATE('2012-08-01 12:00', 'YYYY-MM-DD HH24:MI'), 6);
INSERT INTO L05_DISPUTA (ID, PAIS1, PAIS2, VENCEDOR, MODALIDADE, OLIMPIADA, DATA_HORA, LOCAL) VALUES
(510, 'Nigéria', 'Reino Unido', 'Reino Unido', 10, 2012, TO_DATE('2012-08-01 14:00', 'YYYY-MM-DD HH24:MI'), 6);
INSERT INTO L05_DISPUTA (ID, PAIS1, PAIS2, VENCEDOR, MODALIDADE, OLIMPIADA, DATA_HORA, LOCAL) VALUES
(511, 'Espanha', 'México', 'México', 10, 2012, TO_DATE('2012-08-01 16:00', 'YYYY-MM-DD HH24:MI'), 6);

-- Semifinais
INSERT INTO L05_DISPUTA (ID, PAIS1, PAIS2, VENCEDOR, MODALIDADE, OLIMPIADA, DATA_HORA, LOCAL) VALUES
(512, 'Japão', 'China', 'Japão', 10, 2012, TO_DATE('2012-08-02 10:00', 'YYYY-MM-DD HH24:MI'), 6);
INSERT INTO L05_DISPUTA (ID, PAIS1, PAIS2, VENCEDOR, MODALIDADE, OLIMPIADA, DATA_HORA, LOCAL) VALUES
(513, 'Reino Unido', 'México', 'Reino Unido', 10, 2012, TO_DATE('2012-08-02 12:00', 'YYYY-MM-DD HH24:MI'), 6);

-- Final
INSERT INTO L05_DISPUTA (ID, PAIS1, PAIS2, VENCEDOR, MODALIDADE, OLIMPIADA, DATA_HORA, LOCAL) VALUES
(514, 'Japão', 'Reino Unido', 'Japão', 10, 2012, TO_DATE('2012-08-03 10:00', 'YYYY-MM-DD HH24:MI'), 6);

-- Fase Eliminatória
INSERT INTO L05_DISPUTA (ID, PAIS1, PAIS2, VENCEDOR, MODALIDADE, OLIMPIADA, DATA_HORA, LOCAL) VALUES
(515, 'Japão', 'Estados Unidos', 'Japão', 10, 2020, TO_DATE('2020-07-25 10:00', 'YYYY-MM-DD HH24:MI'), 5);
INSERT INTO L05_DISPUTA (ID, PAIS1, PAIS2, VENCEDOR, MODALIDADE, OLIMPIADA, DATA_HORA, LOCAL) VALUES
(516, 'Brasil', 'França', 'França', 10, 2020, TO_DATE('2020-07-25 12:00', 'YYYY-MM-DD HH24:MI'), 5);
INSERT INTO L05_DISPUTA (ID, PAIS1, PAIS2, VENCEDOR, MODALIDADE, OLIMPIADA, DATA_HORA, LOCAL) VALUES
(517, 'Alemanha', 'China', 'China', 10, 2020, TO_DATE('2020-07-25 14:00', 'YYYY-MM-DD HH24:MI'), 5);
INSERT INTO L05_DISPUTA (ID, PAIS1, PAIS2, VENCEDOR, MODALIDADE, OLIMPIADA, DATA_HORA, LOCAL) VALUES
(518, 'Rússia', 'Canadá', 'Rússia', 10, 2020, TO_DATE('2020-07-25 16:00', 'YYYY-MM-DD HH24:MI'), 5);
INSERT INTO L05_DISPUTA (ID, PAIS1, PAIS2, VENCEDOR, MODALIDADE, OLIMPIADA, DATA_HORA, LOCAL) VALUES
(519, 'Indonésia', 'Itália', 'Indonésia', 10, 2020, TO_DATE('2020-07-26 10:00', 'YYYY-MM-DD HH24:MI'), 5);
INSERT INTO L05_DISPUTA (ID, PAIS1, PAIS2, VENCEDOR, MODALIDADE, OLIMPIADA, DATA_HORA, LOCAL) VALUES
(520, 'Argentina', 'Reino Unido', 'Reino Unido', 10, 2020, TO_DATE('2020-07-26 12:00', 'YYYY-MM-DD HH24:MI'), 5);
INSERT INTO L05_DISPUTA (ID, PAIS1, PAIS2, VENCEDOR, MODALIDADE, OLIMPIADA, DATA_HORA, LOCAL) VALUES
(521, 'Espanha', 'Austrália', 'Espanha', 10, 2020, TO_DATE('2020-07-26 14:00', 'YYYY-MM-DD HH24:MI'), 5);
INSERT INTO L05_DISPUTA (ID, PAIS1, PAIS2, VENCEDOR, MODALIDADE, OLIMPIADA, DATA_HORA, LOCAL) VALUES
(522, 'Turquia', 'México', 'México', 10, 2020, TO_DATE('2020-07-26 16:00', 'YYYY-MM-DD HH24:MI'), 5);

-- Quartas de Final
INSERT INTO L05_DISPUTA (ID, PAIS1, PAIS2, VENCEDOR, MODALIDADE, OLIMPIADA, DATA_HORA, LOCAL) VALUES
(523, 'Japão', 'França', 'Japão', 10, 2020, TO_DATE('2020-07-27 10:00', 'YYYY-MM-DD HH24:MI'), 5);
INSERT INTO L05_DISPUTA (ID, PAIS1, PAIS2, VENCEDOR, MODALIDADE, OLIMPIADA, DATA_HORA, LOCAL) VALUES
(524, 'China', 'Rússia', 'China', 10, 2020, TO_DATE('2020-07-27 12:00', 'YYYY-MM-DD HH24:MI'), 5);
INSERT INTO L05_DISPUTA (ID, PAIS1, PAIS2, VENCEDOR, MODALIDADE, OLIMPIADA, DATA_HORA, LOCAL) VALUES
(525, 'Indonésia', 'Reino Unido', 'Reino Unido', 10, 2020, TO_DATE('2020-07-27 14:00', 'YYYY-MM-DD HH24:MI'), 5);
INSERT INTO L05_DISPUTA (ID, PAIS1, PAIS2, VENCEDOR, MODALIDADE, OLIMPIADA, DATA_HORA, LOCAL) VALUES
(526, 'Espanha', 'México', 'México', 10, 2020, TO_DATE('2020-07-27 16:00', 'YYYY-MM-DD HH24:MI'), 5);

-- Semifinais
INSERT INTO L05_DISPUTA (ID, PAIS1, PAIS2, VENCEDOR, MODALIDADE, OLIMPIADA, DATA_HORA, LOCAL) VALUES
(527, 'Japão', 'China', 'Japão', 10, 2020, TO_DATE('2020-07-28 10:00', 'YYYY-MM-DD HH24:MI'), 5);
INSERT INTO L05_DISPUTA (ID, PAIS1, PAIS2, VENCEDOR, MODALIDADE, OLIMPIADA, DATA_HORA, LOCAL) VALUES
(528, 'Reino Unido', 'México', 'Reino Unido', 10, 2020, TO_DATE('2020-07-28 12:00', 'YYYY-MM-DD HH24:MI'), 5);
-- Final
INSERT INTO L05_DISPUTA (ID, PAIS1, PAIS2, VENCEDOR, MODALIDADE, OLIMPIADA, DATA_HORA, LOCAL) VALUES
(529, 'Japão', 'Reino Unido', 'Japão', 10, 2020, TO_DATE('2020-07-29 10:00', 'YYYY-MM-DD HH24:MI'), 5);


INSERT INTO L04_LOCAL (ID, NOME, TIPO, CAPACIDADE, PAIS) VALUES (14, 'Centro Nacional', 'ESTADIO', 17000, 'Brasil');

-- Primeira rodada
INSERT INTO L05_DISPUTA (ID, PAIS1, PAIS2, VENCEDOR, MODALIDADE, OLIMPIADA, DATA_HORA, LOCAL) 
VALUES (901, 'Brasil', 'Alemanha', 'Brasil', 7, 2008, TO_DATE('2008-08-10 10:00:00', 'YYYY-MM-DD HH24:MI:SS'), 14);

INSERT INTO L05_DISPUTA (ID, PAIS1, PAIS2, VENCEDOR, MODALIDADE, OLIMPIADA, DATA_HORA, LOCAL) 
VALUES (902, 'China', 'Japão', 'China', 7, 2008, TO_DATE('2008-08-10 12:00:00', 'YYYY-MM-DD HH24:MI:SS'), 14);

INSERT INTO L05_DISPUTA (ID, PAIS1, PAIS2, VENCEDOR, MODALIDADE, OLIMPIADA, DATA_HORA, LOCAL) 
VALUES (903, 'França', 'Reino Unido', 'Reino Unido', 7, 2008, TO_DATE('2008-08-10 14:00:00', 'YYYY-MM-DD HH24:MI:SS'), 14);

INSERT INTO L05_DISPUTA (ID, PAIS1, PAIS2, VENCEDOR, MODALIDADE, OLIMPIADA, DATA_HORA, LOCAL) 
VALUES (904, 'Estados Unidos', 'Rússia', 'Rússia', 7, 2008, TO_DATE('2008-08-10 16:00:00', 'YYYY-MM-DD HH24:MI:SS'), 14);

-- Segunda rodada
INSERT INTO L05_DISPUTA (ID, PAIS1, PAIS2, VENCEDOR, MODALIDADE, OLIMPIADA, DATA_HORA, LOCAL) 
VALUES (905, 'Brasil', 'China', 'Brasil', 7, 2008, TO_DATE('2008-08-12 10:00:00', 'YYYY-MM-DD HH24:MI:SS'), 14);

INSERT INTO L05_DISPUTA (ID, PAIS1, PAIS2, VENCEDOR, MODALIDADE, OLIMPIADA, DATA_HORA, LOCAL) 
VALUES (906, 'Rússia', 'Reino Unido', 'Rússia', 7, 2008, TO_DATE('2008-08-12 12:00:00', 'YYYY-MM-DD HH24:MI:SS'), 14);

-- Final
INSERT INTO L05_DISPUTA (ID, PAIS1, PAIS2, VENCEDOR, MODALIDADE, OLIMPIADA, DATA_HORA, LOCAL) 
VALUES (907, 'Brasil', 'Rússia', 'Brasil', 7, 2008, TO_DATE('2008-08-14 15:00:00', 'YYYY-MM-DD HH24:MI:SS'), 14);

-- Primeira rodada
INSERT INTO L05_DISPUTA (ID, PAIS1, PAIS2, VENCEDOR, MODALIDADE, OLIMPIADA, DATA_HORA, LOCAL)
VALUES (1200, 'Brasil', 'Alemanha', 'Alemanha', 6, 2016, TO_DATE('2016-08-06 10:00:00', 'YYYY-MM-DD HH24:MI:SS'), 10);

INSERT INTO L05_DISPUTA (ID, PAIS1, PAIS2, VENCEDOR, MODALIDADE, OLIMPIADA, DATA_HORA, LOCAL)
VALUES (1201, 'Estados Unidos', 'China', 'Estados Unidos', 6, 2016, TO_DATE('2016-08-06 12:00:00', 'YYYY-MM-DD HH24:MI:SS'), 10);

INSERT INTO L05_DISPUTA (ID, PAIS1, PAIS2, VENCEDOR, MODALIDADE, OLIMPIADA, DATA_HORA, LOCAL)
VALUES (1202, 'Japão', 'França', 'Japão', 6, 2016, TO_DATE('2016-08-06 14:00:00', 'YYYY-MM-DD HH24:MI:SS'), 10);

INSERT INTO L05_DISPUTA (ID, PAIS1, PAIS2, VENCEDOR, MODALIDADE, OLIMPIADA, DATA_HORA, LOCAL)
VALUES (1203, 'Rússia', 'Reino Unido', 'Reino Unido', 6, 2016, TO_DATE('2016-08-06 16:00:00', 'YYYY-MM-DD HH24:MI:SS'), 10);

INSERT INTO L05_DISPUTA (ID, PAIS1, PAIS2, VENCEDOR, MODALIDADE, OLIMPIADA, DATA_HORA, LOCAL)
VALUES (1204, 'Austrália', 'Nigéria', 'Austrália', 6, 2016, TO_DATE('2016-08-06 18:00:00', 'YYYY-MM-DD HH24:MI:SS'), 10);

INSERT INTO L05_DISPUTA (ID, PAIS1, PAIS2, VENCEDOR, MODALIDADE, OLIMPIADA, DATA_HORA, LOCAL)
VALUES (1205, 'Argentina', 'Itália', 'Argentina', 6, 2016, TO_DATE('2016-08-07 10:00:00', 'YYYY-MM-DD HH24:MI:SS'), 10);

INSERT INTO L05_DISPUTA (ID, PAIS1, PAIS2, VENCEDOR, MODALIDADE, OLIMPIADA, DATA_HORA, LOCAL)
VALUES (1206, 'Canadá', 'Espanha', 'Espanha', 6, 2016, TO_DATE('2016-08-07 12:00:00', 'YYYY-MM-DD HH24:MI:SS'), 10);

INSERT INTO L05_DISPUTA (ID, PAIS1, PAIS2, VENCEDOR, MODALIDADE, OLIMPIADA, DATA_HORA, LOCAL)
VALUES (1207, 'México', 'África do Sul', 'México', 6, 2016, TO_DATE('2016-08-07 14:00:00', 'YYYY-MM-DD HH24:MI:SS'), 10);

-- Segunda rodada
INSERT INTO L05_DISPUTA (ID, PAIS1, PAIS2, VENCEDOR, MODALIDADE, OLIMPIADA, DATA_HORA, LOCAL)
VALUES (1208, 'Alemanha', 'Estados Unidos', 'Estados Unidos', 6, 2016, TO_DATE('2016-08-08 10:00:00', 'YYYY-MM-DD HH24:MI:SS'), 10);

INSERT INTO L05_DISPUTA (ID, PAIS1, PAIS2, VENCEDOR, MODALIDADE, OLIMPIADA, DATA_HORA, LOCAL)
VALUES (1209, 'Japão', 'Reino Unido', 'Japão', 6, 2016, TO_DATE('2016-08-08 12:00:00', 'YYYY-MM-DD HH24:MI:SS'), 10);

INSERT INTO L05_DISPUTA (ID, PAIS1, PAIS2, VENCEDOR, MODALIDADE, OLIMPIADA, DATA_HORA, LOCAL)
VALUES (1210, 'Austrália', 'Argentina', 'Argentina', 6, 2016, TO_DATE('2016-08-08 14:00:00', 'YYYY-MM-DD HH24:MI:SS'), 10);

INSERT INTO L05_DISPUTA (ID, PAIS1, PAIS2, VENCEDOR, MODALIDADE, OLIMPIADA, DATA_HORA, LOCAL)
VALUES (1211, 'Espanha', 'México', 'Espanha', 6, 2016, TO_DATE('2016-08-08 16:00:00', 'YYYY-MM-DD HH24:MI:SS'), 10);

-- Semifinais
INSERT INTO L05_DISPUTA (ID, PAIS1, PAIS2, VENCEDOR, MODALIDADE, OLIMPIADA, DATA_HORA, LOCAL)
VALUES (1212, 'Estados Unidos', 'Japão', 'Estados Unidos', 6, 2016, TO_DATE('2016-08-10 10:00:00', 'YYYY-MM-DD HH24:MI:SS'), 10);

INSERT INTO L05_DISPUTA (ID, PAIS1, PAIS2, VENCEDOR, MODALIDADE, OLIMPIADA, DATA_HORA, LOCAL)
VALUES (1213, 'Argentina', 'Espanha', 'Espanha', 6, 2016, TO_DATE('2016-08-10 12:00:00', 'YYYY-MM-DD HH24:MI:SS'), 10);

-- Final
INSERT INTO L05_DISPUTA (ID, PAIS1, PAIS2, VENCEDOR, MODALIDADE, OLIMPIADA, DATA_HORA, LOCAL)
VALUES (1214, 'Estados Unidos', 'Espanha', 'Estados Unidos', 6, 2016, TO_DATE('2016-08-12 15:00:00', 'YYYY-MM-DD HH24:MI:SS'), 10);


-- Primeira rodada
INSERT INTO L05_DISPUTA (ID, PAIS1, PAIS2, VENCEDOR, MODALIDADE, OLIMPIADA, DATA_HORA, LOCAL)
VALUES (1000, 'Brasil', 'Alemanha', 'Alemanha', 2, 2016, TO_DATE('2016-08-06 10:00:00', 'YYYY-MM-DD HH24:MI:SS'), 10);

INSERT INTO L05_DISPUTA (ID, PAIS1, PAIS2, VENCEDOR, MODALIDADE, OLIMPIADA, DATA_HORA, LOCAL)
VALUES (1001, 'Estados Unidos', 'China', 'Estados Unidos', 2, 2016, TO_DATE('2016-08-06 12:00:00', 'YYYY-MM-DD HH24:MI:SS'), 10);

INSERT INTO L05_DISPUTA (ID, PAIS1, PAIS2, VENCEDOR, MODALIDADE, OLIMPIADA, DATA_HORA, LOCAL)
VALUES (1002, 'Japão', 'França', 'Japão', 2, 2016, TO_DATE('2016-08-06 14:00:00', 'YYYY-MM-DD HH24:MI:SS'), 10);

INSERT INTO L05_DISPUTA (ID, PAIS1, PAIS2, VENCEDOR, MODALIDADE, OLIMPIADA, DATA_HORA, LOCAL)
VALUES (1003, 'Rússia', 'Reino Unido', 'Reino Unido', 2, 2016, TO_DATE('2016-08-06 16:00:00', 'YYYY-MM-DD HH24:MI:SS'), 10);

INSERT INTO L05_DISPUTA (ID, PAIS1, PAIS2, VENCEDOR, MODALIDADE, OLIMPIADA, DATA_HORA, LOCAL)
VALUES (1004, 'Austrália', 'Nigéria', 'Austrália', 2, 2016, TO_DATE('2016-08-06 18:00:00', 'YYYY-MM-DD HH24:MI:SS'), 10);

INSERT INTO L05_DISPUTA (ID, PAIS1, PAIS2, VENCEDOR, MODALIDADE, OLIMPIADA, DATA_HORA, LOCAL)
VALUES (1005, 'Argentina', 'Itália', 'Argentina', 2, 2016, TO_DATE('2016-08-07 10:00:00', 'YYYY-MM-DD HH24:MI:SS'), 10);

INSERT INTO L05_DISPUTA (ID, PAIS1, PAIS2, VENCEDOR, MODALIDADE, OLIMPIADA, DATA_HORA, LOCAL)
VALUES (1006, 'Canadá', 'Espanha', 'Espanha', 2, 2016, TO_DATE('2016-08-07 12:00:00', 'YYYY-MM-DD HH24:MI:SS'), 10);

INSERT INTO L05_DISPUTA (ID, PAIS1, PAIS2, VENCEDOR, MODALIDADE, OLIMPIADA, DATA_HORA, LOCAL)
VALUES (1007, 'México', 'África do Sul', 'México', 2, 2016, TO_DATE('2016-08-07 14:00:00', 'YYYY-MM-DD HH24:MI:SS'), 10);

-- Segunda rodada
INSERT INTO L05_DISPUTA (ID, PAIS1, PAIS2, VENCEDOR, MODALIDADE, OLIMPIADA, DATA_HORA, LOCAL)
VALUES (1008, 'Alemanha', 'Estados Unidos', 'Estados Unidos', 2, 2016, TO_DATE('2016-08-08 10:00:00', 'YYYY-MM-DD HH24:MI:SS'), 10);

INSERT INTO L05_DISPUTA (ID, PAIS1, PAIS2, VENCEDOR, MODALIDADE, OLIMPIADA, DATA_HORA, LOCAL)
VALUES (1009, 'Japão', 'Reino Unido', 'Japão', 2, 2016, TO_DATE('2016-08-08 12:00:00', 'YYYY-MM-DD HH24:MI:SS'), 10);

INSERT INTO L05_DISPUTA (ID, PAIS1, PAIS2, VENCEDOR, MODALIDADE, OLIMPIADA, DATA_HORA, LOCAL)
VALUES (1010, 'Austrália', 'Argentina', 'Argentina', 2, 2016, TO_DATE('2016-08-08 14:00:00', 'YYYY-MM-DD HH24:MI:SS'), 10);

INSERT INTO L05_DISPUTA (ID, PAIS1, PAIS2, VENCEDOR, MODALIDADE, OLIMPIADA, DATA_HORA, LOCAL)
VALUES (1011, 'Espanha', 'México', 'Espanha', 2, 2016, TO_DATE('2016-08-08 16:00:00', 'YYYY-MM-DD HH24:MI:SS'), 10);

-- Semifinais
INSERT INTO L05_DISPUTA (ID, PAIS1, PAIS2, VENCEDOR, MODALIDADE, OLIMPIADA, DATA_HORA, LOCAL)
VALUES (1012, 'Estados Unidos', 'Japão', 'Estados Unidos', 2, 2016, TO_DATE('2016-08-10 10:00:00', 'YYYY-MM-DD HH24:MI:SS'), 10);

INSERT INTO L05_DISPUTA (ID, PAIS1, PAIS2, VENCEDOR, MODALIDADE, OLIMPIADA, DATA_HORA, LOCAL)
VALUES (1013, 'Argentina', 'Espanha', 'Espanha', 2, 2016, TO_DATE('2016-08-10 12:00:00', 'YYYY-MM-DD HH24:MI:SS'), 10);

-- Final
INSERT INTO L05_DISPUTA (ID, PAIS1, PAIS2, VENCEDOR, MODALIDADE, OLIMPIADA, DATA_HORA, LOCAL)
VALUES (1014, 'Estados Unidos', 'Espanha', 'Estados Unidos', 2, 2016, TO_DATE('2016-08-12 15:00:00', 'YYYY-MM-DD HH24:MI:SS'), 10);


-- Primeira rodada
INSERT INTO L05_DISPUTA (ID, PAIS1, PAIS2, VENCEDOR, MODALIDADE, OLIMPIADA, DATA_HORA, LOCAL)
VALUES (1100, 'Brasil', 'Alemanha', 'Brasil', 4, 2016, TO_DATE('2016-08-06 10:00:00', 'YYYY-MM-DD HH24:MI:SS'), 10);

INSERT INTO L05_DISPUTA (ID, PAIS1, PAIS2, VENCEDOR, MODALIDADE, OLIMPIADA, DATA_HORA, LOCAL)
VALUES (1101, 'Estados Unidos', 'China', 'Estados Unidos', 4, 2016, TO_DATE('2016-08-06 12:00:00', 'YYYY-MM-DD HH24:MI:SS'), 10);

INSERT INTO L05_DISPUTA (ID, PAIS1, PAIS2, VENCEDOR, MODALIDADE, OLIMPIADA, DATA_HORA, LOCAL)
VALUES (1102, 'Japão', 'França', 'Japão', 4, 2016, TO_DATE('2016-08-06 14:00:00', 'YYYY-MM-DD HH24:MI:SS'), 10);

INSERT INTO L05_DISPUTA (ID, PAIS1, PAIS2, VENCEDOR, MODALIDADE, OLIMPIADA, DATA_HORA, LOCAL)
VALUES (1103, 'Rússia', 'Reino Unido', 'Rússia', 4, 2016, TO_DATE('2016-08-06 16:00:00', 'YYYY-MM-DD HH24:MI:SS'), 10);

INSERT INTO L05_DISPUTA (ID, PAIS1, PAIS2, VENCEDOR, MODALIDADE, OLIMPIADA, DATA_HORA, LOCAL)
VALUES (1104, 'Austrália', 'Nigéria', 'Austrália', 4, 2016, TO_DATE('2016-08-06 18:00:00', 'YYYY-MM-DD HH24:MI:SS'), 10);

INSERT INTO L05_DISPUTA (ID, PAIS1, PAIS2, VENCEDOR, MODALIDADE, OLIMPIADA, DATA_HORA, LOCAL)
VALUES (1105, 'Argentina', 'Itália', 'Argentina', 4, 2016, TO_DATE('2016-08-07 10:00:00', 'YYYY-MM-DD HH24:MI:SS'), 10);

INSERT INTO L05_DISPUTA (ID, PAIS1, PAIS2, VENCEDOR, MODALIDADE, OLIMPIADA, DATA_HORA, LOCAL)
VALUES (1106, 'Canadá', 'Espanha', 'Espanha', 4, 2016, TO_DATE('2016-08-07 12:00:00', 'YYYY-MM-DD HH24:MI:SS'), 10);

INSERT INTO L05_DISPUTA (ID, PAIS1, PAIS2, VENCEDOR, MODALIDADE, OLIMPIADA, DATA_HORA, LOCAL)
VALUES (1107, 'México', 'África do Sul', 'México', 4, 2016, TO_DATE('2016-08-07 14:00:00', 'YYYY-MM-DD HH24:MI:SS'), 10);

-- Segunda rodada
INSERT INTO L05_DISPUTA (ID, PAIS1, PAIS2, VENCEDOR, MODALIDADE, OLIMPIADA, DATA_HORA, LOCAL)
VALUES (1108, 'Brasil', 'Estados Unidos', 'Brasil', 4, 2016, TO_DATE('2016-08-08 10:00:00', 'YYYY-MM-DD HH24:MI:SS'), 10);

INSERT INTO L05_DISPUTA (ID, PAIS1, PAIS2, VENCEDOR, MODALIDADE, OLIMPIADA, DATA_HORA, LOCAL)
VALUES (1109, 'Japão', 'Rússia', 'Japão', 4, 2016, TO_DATE('2016-08-08 12:00:00', 'YYYY-MM-DD HH24:MI:SS'), 10);

INSERT INTO L05_DISPUTA (ID, PAIS1, PAIS2, VENCEDOR, MODALIDADE, OLIMPIADA, DATA_HORA, LOCAL)
VALUES (1110, 'Austrália', 'Argentina', 'Argentina', 4, 2016, TO_DATE('2016-08-08 14:00:00', 'YYYY-MM-DD HH24:MI:SS'), 10);

INSERT INTO L05_DISPUTA (ID, PAIS1, PAIS2, VENCEDOR, MODALIDADE, OLIMPIADA, DATA_HORA, LOCAL)
VALUES (1111, 'Espanha', 'México', 'Espanha', 4, 2016, TO_DATE('2016-08-08 16:00:00', 'YYYY-MM-DD HH24:MI:SS'), 10);

-- Semifinais
INSERT INTO L05_DISPUTA (ID, PAIS1, PAIS2, VENCEDOR, MODALIDADE, OLIMPIADA, DATA_HORA, LOCAL)
VALUES (1112, 'Brasil', 'Japão', 'Japão', 4, 2016, TO_DATE('2016-08-10 10:00:00', 'YYYY-MM-DD HH24:MI:SS'), 10);

INSERT INTO L05_DISPUTA (ID, PAIS1, PAIS2, VENCEDOR, MODALIDADE, OLIMPIADA, DATA_HORA, LOCAL)
VALUES (1113, 'Argentina', 'Espanha', 'Espanha', 4, 2016, TO_DATE('2016-08-10 12:00:00', 'YYYY-MM-DD HH24:MI:SS'), 10);

-- Final
INSERT INTO L05_DISPUTA (ID, PAIS1, PAIS2, VENCEDOR, MODALIDADE, OLIMPIADA, DATA_HORA, LOCAL)
VALUES (1114, 'Japão', 'Espanha', 'Japão', 4, 2016, TO_DATE('2016-08-12 15:00:00', 'YYYY-MM-DD HH24:MI:SS'), 10);


-- Primeira rodada
INSERT INTO L05_DISPUTA (ID, PAIS1, PAIS2, VENCEDOR, MODALIDADE, OLIMPIADA, DATA_HORA, LOCAL)
VALUES (1150, 'Brasil', 'Alemanha', 'Alemanha', 8, 2016, TO_DATE('2016-08-06 10:00:00', 'YYYY-MM-DD HH24:MI:SS'), 10);

INSERT INTO L05_DISPUTA (ID, PAIS1, PAIS2, VENCEDOR, MODALIDADE, OLIMPIADA, DATA_HORA, LOCAL)
VALUES (1151, 'Estados Unidos', 'China', 'Estados Unidos', 8, 2016, TO_DATE('2016-08-06 12:00:00', 'YYYY-MM-DD HH24:MI:SS'), 10);

INSERT INTO L05_DISPUTA (ID, PAIS1, PAIS2, VENCEDOR, MODALIDADE, OLIMPIADA, DATA_HORA, LOCAL)
VALUES (1152, 'Japão', 'França', 'Japão', 8, 2016, TO_DATE('2016-08-06 14:00:00', 'YYYY-MM-DD HH24:MI:SS'), 10);

INSERT INTO L05_DISPUTA (ID, PAIS1, PAIS2, VENCEDOR, MODALIDADE, OLIMPIADA, DATA_HORA, LOCAL)
VALUES (1153, 'Rússia', 'Reino Unido', 'Rússia', 8, 2016, TO_DATE('2016-08-06 16:00:00', 'YYYY-MM-DD HH24:MI:SS'), 10);

INSERT INTO L05_DISPUTA (ID, PAIS1, PAIS2, VENCEDOR, MODALIDADE, OLIMPIADA, DATA_HORA, LOCAL)
VALUES (1154, 'Austrália', 'Nigéria', 'Austrália', 8, 2016, TO_DATE('2016-08-06 18:00:00', 'YYYY-MM-DD HH24:MI:SS'), 10);

INSERT INTO L05_DISPUTA (ID, PAIS1, PAIS2, VENCEDOR, MODALIDADE, OLIMPIADA, DATA_HORA, LOCAL)
VALUES (1155, 'Argentina', 'Itália', 'Argentina', 8, 2016, TO_DATE('2016-08-07 10:00:00', 'YYYY-MM-DD HH24:MI:SS'), 10);

INSERT INTO L05_DISPUTA (ID, PAIS1, PAIS2, VENCEDOR, MODALIDADE, OLIMPIADA, DATA_HORA, LOCAL)
VALUES (1156, 'Canadá', 'Espanha', 'Espanha', 8, 2016, TO_DATE('2016-08-07 12:00:00', 'YYYY-MM-DD HH24:MI:SS'), 10);

INSERT INTO L05_DISPUTA (ID, PAIS1, PAIS2, VENCEDOR, MODALIDADE, OLIMPIADA, DATA_HORA, LOCAL)
VALUES (1157, 'México', 'África do Sul', 'México', 8, 2016, TO_DATE('2016-08-07 14:00:00', 'YYYY-MM-DD HH24:MI:SS'), 10);

-- Segunda rodada
INSERT INTO L05_DISPUTA (ID, PAIS1, PAIS2, VENCEDOR, MODALIDADE, OLIMPIADA, DATA_HORA, LOCAL)
VALUES (1158, 'Alemanha', 'Estados Unidos', 'Estados Unidos', 8, 2016, TO_DATE('2016-08-08 10:00:00', 'YYYY-MM-DD HH24:MI:SS'), 10);

INSERT INTO L05_DISPUTA (ID, PAIS1, PAIS2, VENCEDOR, MODALIDADE, OLIMPIADA, DATA_HORA, LOCAL)
VALUES (1159, 'Japão', 'Rússia', 'Japão', 8, 2016, TO_DATE('2016-08-08 12:00:00', 'YYYY-MM-DD HH24:MI:SS'), 10);

INSERT INTO L05_DISPUTA (ID, PAIS1, PAIS2, VENCEDOR, MODALIDADE, OLIMPIADA, DATA_HORA, LOCAL)
VALUES (1160, 'Austrália', 'Argentina', 'Argentina', 8, 2016, TO_DATE('2016-08-08 14:00:00', 'YYYY-MM-DD HH24:MI:SS'), 10);

INSERT INTO L05_DISPUTA (ID, PAIS1, PAIS2, VENCEDOR, MODALIDADE, OLIMPIADA, DATA_HORA, LOCAL)
VALUES (1161, 'Espanha', 'México', 'Espanha', 8, 2016, TO_DATE('2016-08-08 16:00:00', 'YYYY-MM-DD HH24:MI:SS'), 10);

-- Semifinais
INSERT INTO L05_DISPUTA (ID, PAIS1, PAIS2, VENCEDOR, MODALIDADE, OLIMPIADA, DATA_HORA, LOCAL)
VALUES (1162, 'Estados Unidos', 'Japão', 'Estados Unidos', 8, 2016, TO_DATE('2016-08-10 10:00:00', 'YYYY-MM-DD HH24:MI:SS'), 10);

INSERT INTO L05_DISPUTA (ID, PAIS1, PAIS2, VENCEDOR, MODALIDADE, OLIMPIADA, DATA_HORA, LOCAL)
VALUES (1163, 'Argentina', 'Espanha', 'Espanha', 8, 2016, TO_DATE('2016-08-10 12:00:00', 'YYYY-MM-DD HH24:MI:SS'), 10);

-- Final
INSERT INTO L05_DISPUTA (ID, PAIS1, PAIS2, VENCEDOR, MODALIDADE, OLIMPIADA, DATA_HORA, LOCAL)
VALUES (1164, 'Estados Unidos', 'Espanha', 'Estados Unidos', 8, 2016, TO_DATE('2016-08-12 15:00:00', 'YYYY-MM-DD HH24:MI:SS'), 10);
