INSERT INTO L06_ATLETA (PASSAPORTE, NOME, PAIS, GENERO, MODALIDADE) 
VALUES ('A001', 'João Silva', 'Brasil', 'M', 1);
INSERT INTO L06_ATLETA (PASSAPORTE, NOME, PAIS, GENERO, MODALIDADE) 
VALUES ('A002', 'Maria Souza', 'Brasil', 'F', 2);
INSERT INTO L06_ATLETA (PASSAPORTE, NOME, PAIS, GENERO, MODALIDADE) 
VALUES ('A003', 'John Smith', 'Estados Unidos', 'M', 3);
INSERT INTO L06_ATLETA (PASSAPORTE, NOME, PAIS, GENERO, MODALIDADE) 
VALUES ('A004', 'Sara Johnson', 'Estados Unidos', 'F', 4);
INSERT INTO L06_ATLETA (PASSAPORTE, NOME, PAIS, GENERO, MODALIDADE) 
VALUES ('A005', 'Chen Li', 'China', 'M', 5);
INSERT INTO L06_ATLETA (PASSAPORTE, NOME, PAIS, GENERO, MODALIDADE) 
VALUES ('A006', 'Yuki Tanaka', 'Japão', 'F', 6);
INSERT INTO L06_ATLETA (PASSAPORTE, NOME, PAIS, GENERO, MODALIDADE) 
VALUES ('A007', 'Olga Petrova', 'Rússia', 'F', 7);
INSERT INTO L06_ATLETA (PASSAPORTE, NOME, PAIS, GENERO, MODALIDADE) 
VALUES ('A008', 'Michael Braun', 'Alemanha', 'M', 8);
INSERT INTO L06_ATLETA (PASSAPORTE, NOME, PAIS, GENERO, MODALIDADE) 
VALUES ('A009', 'Emily Clark', 'Reino Unido', 'F', 9);
INSERT INTO L06_ATLETA (PASSAPORTE, NOME, PAIS, GENERO, MODALIDADE) 
VALUES ('A010', 'Carlos Perez', 'Espanha', 'M', 10);
INSERT INTO L06_ATLETA (PASSAPORTE, NOME, PAIS, GENERO, MODALIDADE) 
VALUES ('A011', 'Hans Mueller', 'Alemanha', 'M', 1);
INSERT INTO L06_ATLETA (PASSAPORTE, NOME, PAIS, GENERO, MODALIDADE) 
VALUES ('A012', 'Samantha Lee', 'China', 'F', 2);
INSERT INTO L06_ATLETA (PASSAPORTE, NOME, PAIS, GENERO, MODALIDADE) 
VALUES ('A013', 'Igor Pavlov', 'Rússia', 'M', 3);
INSERT INTO L06_ATLETA (PASSAPORTE, NOME, PAIS, GENERO, MODALIDADE) 
VALUES ('A014', 'Ana Oliveira', 'Brasil', 'F', 4);
INSERT INTO L06_ATLETA (PASSAPORTE, NOME, PAIS, GENERO, MODALIDADE) 
VALUES ('A015', 'Emily White', 'Estados Unidos', 'F', 5);
INSERT INTO L06_ATLETA (PASSAPORTE, NOME, PAIS, GENERO, MODALIDADE) 
VALUES ('A016', 'Fernando Diaz', 'Argentina', 'M', 6);
INSERT INTO L06_ATLETA (PASSAPORTE, NOME, PAIS, GENERO, MODALIDADE) 
VALUES ('A017', 'Isabella Rossi', 'Itália', 'F', 7);
INSERT INTO L06_ATLETA (PASSAPORTE, NOME, PAIS, GENERO, MODALIDADE) 
VALUES ('A018', 'Lucas Moreira', 'Brasil', 'M', 8);
INSERT INTO L06_ATLETA (PASSAPORTE, NOME, PAIS, GENERO, MODALIDADE) 
VALUES ('A019', 'Yuna Kim', 'Japão', 'F', 9);
INSERT INTO L06_ATLETA (PASSAPORTE, NOME, PAIS, GENERO, MODALIDADE) 
VALUES ('A020', 'Victor Hugo', 'França', 'M', 2);

INSERT INTO L07_JOGA (ATLETA, DISPUTA) VALUES ('A001', 1);
INSERT INTO L07_JOGA (ATLETA, DISPUTA) VALUES ('A002', 2);
INSERT INTO L07_JOGA (ATLETA, DISPUTA) VALUES ('A003', 3);
INSERT INTO L07_JOGA (ATLETA, DISPUTA) VALUES ('A004', 4);
INSERT INTO L07_JOGA (ATLETA, DISPUTA) VALUES ('A005', 5);
INSERT INTO L07_JOGA (ATLETA, DISPUTA) VALUES ('A006', 6);
INSERT INTO L07_JOGA (ATLETA, DISPUTA) VALUES ('A007', 7);
INSERT INTO L07_JOGA (ATLETA, DISPUTA) VALUES ('A008', 32);
INSERT INTO L07_JOGA (ATLETA, DISPUTA) VALUES ('A009', 33);
INSERT INTO L07_JOGA (ATLETA, DISPUTA) VALUES ('A010', 34);
INSERT INTO L07_JOGA (ATLETA, DISPUTA) VALUES ('A011', 35);
INSERT INTO L07_JOGA (ATLETA, DISPUTA) VALUES ('A012', 36);
INSERT INTO L07_JOGA (ATLETA, DISPUTA) VALUES ('A013', 37);
INSERT INTO L07_JOGA (ATLETA, DISPUTA) VALUES ('A014', 38);
INSERT INTO L07_JOGA (ATLETA, DISPUTA) VALUES ('A015', 39);
INSERT INTO L07_JOGA (ATLETA, DISPUTA) VALUES ('A016', 40);
INSERT INTO L07_JOGA (ATLETA, DISPUTA) VALUES ('A017', 41);
INSERT INTO L07_JOGA (ATLETA, DISPUTA) VALUES ('A018', 42);
INSERT INTO L07_JOGA (ATLETA, DISPUTA) VALUES ('A019', 43);
INSERT INTO L07_JOGA (ATLETA, DISPUTA) VALUES ('A020', 44);
INSERT INTO L07_JOGA (ATLETA, DISPUTA) VALUES ('A020', 45);
INSERT INTO L07_JOGA (ATLETA, DISPUTA) VALUES ('A019', 46);
INSERT INTO L07_JOGA (ATLETA, DISPUTA) VALUES ('A001', 3);
INSERT INTO L07_JOGA (ATLETA, DISPUTA) VALUES ('A002', 1);
INSERT INTO L07_JOGA (ATLETA, DISPUTA) VALUES ('A002', 35);
INSERT INTO L07_JOGA (ATLETA, DISPUTA) VALUES ('A001', 2);


INSERT INTO L08_PATROCINADOR (ID, NOME, RAMO) VALUES (1, 'Nike', 'Esportes');
INSERT INTO L08_PATROCINADOR (ID, NOME, RAMO) VALUES (2, 'Adidas', 'Esportes');
INSERT INTO L08_PATROCINADOR (ID, NOME, RAMO) VALUES (3, 'Puma', 'Esportes');
INSERT INTO L08_PATROCINADOR (ID, NOME, RAMO) VALUES (4, 'Coca-Cola', 'Bebidas');
INSERT INTO L08_PATROCINADOR (ID, NOME, RAMO) VALUES (5, 'Pepsi', 'Bebidas');
INSERT INTO L08_PATROCINADOR (ID, NOME, RAMO) VALUES (6, 'Samsung', 'Eletrônicos');
INSERT INTO L08_PATROCINADOR (ID, NOME, RAMO) VALUES (7, 'Apple', 'Eletrônicos');
INSERT INTO L08_PATROCINADOR (ID, NOME, RAMO) VALUES (8, 'Google', 'Tecnologia');
INSERT INTO L08_PATROCINADOR (ID, NOME, RAMO) VALUES (9, 'Microsoft', 'Tecnologia');
INSERT INTO L08_PATROCINADOR (ID, NOME, RAMO) VALUES (10, 'Visa', 'Serviços Financeiros');
INSERT INTO L08_PATROCINADOR (ID, NOME, RAMO) VALUES (11, 'Mastercard', 'Serviços Financeiros');
INSERT INTO L08_PATROCINADOR (ID, NOME, RAMO) VALUES (12, 'Banco do Brasil', 'Bancos');
INSERT INTO L08_PATROCINADOR (ID, NOME, RAMO) VALUES (13, 'Santander', 'Bancos');
INSERT INTO L08_PATROCINADOR (ID, NOME, RAMO) VALUES (14, 'Itaú', 'Bancos');
INSERT INTO L08_PATROCINADOR (ID, NOME, RAMO) VALUES (15, 'Bradesco', 'Bancos');
INSERT INTO L08_PATROCINADOR (ID, NOME, RAMO) VALUES (16, 'Red Bull', 'Bebidas Energéticas');
INSERT INTO L08_PATROCINADOR (ID, NOME, RAMO) VALUES (17, 'Heineken', 'Bebidas Alcoólicas');
INSERT INTO L08_PATROCINADOR (ID, NOME, RAMO) VALUES (18, 'Ambev', 'Bebidas');
INSERT INTO L08_PATROCINADOR (ID, NOME, RAMO) VALUES (19, 'Nestlé', 'Alimentos');
INSERT INTO L08_PATROCINADOR (ID, NOME, RAMO) VALUES (20, 'Unilever', 'Bens de Consumo');

INSERT INTO L09_PATROCINA (PATROCINADOR, ATLETA, INICIO, VIGENCIA, VALOR_TOTAL) 
VALUES (1, 'A001', TO_DATE('2020-01-01', 'YYYY-MM-DD'), 2, 500000);
INSERT INTO L09_PATROCINA (PATROCINADOR, ATLETA, INICIO, VIGENCIA, VALOR_TOTAL) 
VALUES (2, 'A002', TO_DATE('2021-02-01', 'YYYY-MM-DD'), 3, 600000);
INSERT INTO L09_PATROCINA (PATROCINADOR, ATLETA, INICIO, VIGENCIA, VALOR_TOTAL) 
VALUES (3, 'A003', TO_DATE('2019-03-01', 'YYYY-MM-DD'), 1, 700000);
INSERT INTO L09_PATROCINA (PATROCINADOR, ATLETA, INICIO, VIGENCIA, VALOR_TOTAL) 
VALUES (4, 'A004', TO_DATE('2018-04-01', 'YYYY-MM-DD'), 2, 800000);
INSERT INTO L09_PATROCINA (PATROCINADOR, ATLETA, INICIO, VIGENCIA, VALOR_TOTAL) 
VALUES (5, 'A005', TO_DATE('2017-05-01', 'YYYY-MM-DD'), 3, 900000);
INSERT INTO L09_PATROCINA (PATROCINADOR, ATLETA, INICIO, VIGENCIA, VALOR_TOTAL) 
VALUES (6, 'A006', TO_DATE('2016-06-01', 'YYYY-MM-DD'), 4, 1000000);
INSERT INTO L09_PATROCINA (PATROCINADOR, ATLETA, INICIO, VIGENCIA, VALOR_TOTAL) 
VALUES (7, 'A007', TO_DATE('2020-07-01', 'YYYY-MM-DD'), 2, 1100000);
INSERT INTO L09_PATROCINA (PATROCINADOR, ATLETA, INICIO, VIGENCIA, VALOR_TOTAL) 
VALUES (8, 'A008', TO_DATE('2021-08-01', 'YYYY-MM-DD'), 1, 1200000);
INSERT INTO L09_PATROCINA (PATROCINADOR, ATLETA, INICIO, VIGENCIA, VALOR_TOTAL) 
VALUES (9, 'A009', TO_DATE('2019-09-01', 'YYYY-MM-DD'), 3, 1300000);
INSERT INTO L09_PATROCINA (PATROCINADOR, ATLETA, INICIO, VIGENCIA, VALOR_TOTAL) 
VALUES (10, 'A010', TO_DATE('2018-10-01', 'YYYY-MM-DD'), 2, 1400000);
INSERT INTO L09_PATROCINA (PATROCINADOR, ATLETA, INICIO, VIGENCIA, VALOR_TOTAL) 
VALUES (11, 'A011', TO_DATE('2020-11-01', 'YYYY-MM-DD'), 1, 1500000);
INSERT INTO L09_PATROCINA (PATROCINADOR, ATLETA, INICIO, VIGENCIA, VALOR_TOTAL) 
VALUES (12, 'A012', TO_DATE('2021-12-01', 'YYYY-MM-DD'), 3, 1600000);
INSERT INTO L09_PATROCINA (PATROCINADOR, ATLETA, INICIO, VIGENCIA, VALOR_TOTAL) 
VALUES (13, 'A013', TO_DATE('2019-01-01', 'YYYY-MM-DD'), 2, 1700000);
INSERT INTO L09_PATROCINA (PATROCINADOR, ATLETA, INICIO, VIGENCIA, VALOR_TOTAL) 
VALUES (14, 'A014', TO_DATE('2018-02-01', 'YYYY-MM-DD'), 4, 1800000);
INSERT INTO L09_PATROCINA (PATROCINADOR, ATLETA, INICIO, VIGENCIA, VALOR_TOTAL) 
VALUES (15, 'A015', TO_DATE('2017-03-01', 'YYYY-MM-DD'), 3, 1900000);
INSERT INTO L09_PATROCINA (PATROCINADOR, ATLETA, INICIO, VIGENCIA, VALOR_TOTAL) 
VALUES (16, 'A016', TO_DATE('2016-04-01', 'YYYY-MM-DD'), 1, 2000000);
INSERT INTO L09_PATROCINA (PATROCINADOR, ATLETA, INICIO, VIGENCIA, VALOR_TOTAL) 
VALUES (17, 'A017', TO_DATE('2020-05-01', 'YYYY-MM-DD'), 2, 2100000);
INSERT INTO L09_PATROCINA (PATROCINADOR, ATLETA, INICIO, VIGENCIA, VALOR_TOTAL) 
VALUES (18, 'A018', TO_DATE('2021-06-01', 'YYYY-MM-DD'), 1, 2200000);
INSERT INTO L09_PATROCINA (PATROCINADOR, ATLETA, INICIO, VIGENCIA, VALOR_TOTAL) 
VALUES (19, 'A019', TO_DATE('2019-07-01', 'YYYY-MM-DD'), 3, 2300000);
INSERT INTO L09_PATROCINA (PATROCINADOR, ATLETA, INICIO, VIGENCIA, VALOR_TOTAL) 
VALUES (20, 'A020', TO_DATE('2018-08-01', 'YYYY-MM-DD'), 4, 2400000);
INSERT INTO L09_PATROCINA (PATROCINADOR, ATLETA, INICIO, VIGENCIA, VALOR_TOTAL) 
VALUES (20, 'A016', TO_DATE('2018-08-01', 'YYYY-MM-DD'), 4, 500000);
INSERT INTO L09_PATROCINA (PATROCINADOR, ATLETA, INICIO, VIGENCIA, VALOR_TOTAL) 
VALUES (18, 'A015', TO_DATE('2017-03-01', 'YYYY-MM-DD'), 3, 800000);

INSERT INTO L10_MIDIA (ID, NOME, TIPO) VALUES (1, 'NBC', 'TV');
INSERT INTO L10_MIDIA (ID, NOME, TIPO) VALUES (2, 'BBC', 'TV');
INSERT INTO L10_MIDIA (ID, NOME, TIPO) VALUES (3, 'Globo', 'TV');
INSERT INTO L10_MIDIA (ID, NOME, TIPO) VALUES (4, 'ESPN', 'TV');
INSERT INTO L10_MIDIA (ID, NOME, TIPO) VALUES (5, 'Fox Sports', 'TV');
INSERT INTO L10_MIDIA (ID, NOME, TIPO) VALUES (6, 'Twitch', 'STREAMING');
INSERT INTO L10_MIDIA (ID, NOME, TIPO) VALUES (7, 'YouTube', 'STREAMING');
INSERT INTO L10_MIDIA (ID, NOME, TIPO) VALUES (8, 'Netflix', 'STREAMING');
INSERT INTO L10_MIDIA (ID, NOME, TIPO) VALUES (9, 'HBO', 'TV');
INSERT INTO L10_MIDIA (ID, NOME, TIPO) VALUES (10, 'Amazon Prime', 'STREAMING');
INSERT INTO L10_MIDIA (ID, NOME, TIPO) VALUES (11, 'CNN', 'TV');
INSERT INTO L10_MIDIA (ID, NOME, TIPO) VALUES (12, 'SporTV', 'TV');
INSERT INTO L10_MIDIA (ID, NOME, TIPO) VALUES (13, 'RTP', 'TV');
INSERT INTO L10_MIDIA (ID, NOME, TIPO) VALUES (14, 'Antena 1', 'RADIO');
INSERT INTO L10_MIDIA (ID, NOME, TIPO) VALUES (15, 'BandNews FM', 'RADIO');
INSERT INTO L10_MIDIA (ID, NOME, TIPO) VALUES (16, 'CBN', 'RADIO');
INSERT INTO L10_MIDIA (ID, NOME, TIPO) VALUES (17, 'Disney+', 'STREAMING');
INSERT INTO L10_MIDIA (ID, NOME, TIPO) VALUES (18, 'Deezer', 'STREAMING');
INSERT INTO L10_MIDIA (ID, NOME, TIPO) VALUES (19, 'Spotify', 'STREAMING');
INSERT INTO L10_MIDIA (ID, NOME, TIPO) VALUES (20, 'Sky Sports', 'TV');

INSERT INTO L11_TRANSMITE (MIDIA, DISPUTA) VALUES (1, 1);
INSERT INTO L11_TRANSMITE (MIDIA, DISPUTA) VALUES (2, 2);
INSERT INTO L11_TRANSMITE (MIDIA, DISPUTA) VALUES (3, 3);
INSERT INTO L11_TRANSMITE (MIDIA, DISPUTA) VALUES (4, 4);
INSERT INTO L11_TRANSMITE (MIDIA, DISPUTA) VALUES (5, 5);
INSERT INTO L11_TRANSMITE (MIDIA, DISPUTA) VALUES (6, 6);
INSERT INTO L11_TRANSMITE (MIDIA, DISPUTA) VALUES (7, 7);
INSERT INTO L11_TRANSMITE (MIDIA, DISPUTA) VALUES (8, 32);
INSERT INTO L11_TRANSMITE (MIDIA, DISPUTA) VALUES (9, 33);
INSERT INTO L11_TRANSMITE (MIDIA, DISPUTA) VALUES (10, 34);
INSERT INTO L11_TRANSMITE (MIDIA, DISPUTA) VALUES (11, 35);
INSERT INTO L11_TRANSMITE (MIDIA, DISPUTA) VALUES (12, 36);
INSERT INTO L11_TRANSMITE (MIDIA, DISPUTA) VALUES (13, 37);
INSERT INTO L11_TRANSMITE (MIDIA, DISPUTA) VALUES (14, 38);
INSERT INTO L11_TRANSMITE (MIDIA, DISPUTA) VALUES (15, 39);
INSERT INTO L11_TRANSMITE (MIDIA, DISPUTA) VALUES (16, 40);




