{
	"partitions" : [
		{
			"name" : "Top",
			"pins" : [
				{
					"name" : "c1",
					"strict" : false
				},
				{
					"name" : "c4",
					"strict" : false
				},
				{
					"name" : "c5",
					"strict" : false
				},
				{
					"name" : "c6",
					"strict" : false
				},
				{
					"name" : "a11",
					"strict" : false
				},
				{
					"name" : "a22",
					"strict" : false
				},
				{
					"name" : "a33",
					"strict" : false
				},
				{
					"name" : "a44",
					"strict" : false
				},
				{
					"name" : "a55",
					"strict" : false
				},
				{
					"name" : "a66",
					"strict" : false
				},
				{
					"name" : "s11",
					"strict" : false
				},
				{
					"name" : "s22",
					"strict" : false
				},
				{
					"name" : "s33",
					"strict" : false
				},
				{
					"name" : "s44",
					"strict" : false
				},
				{
					"name" : "s55",
					"strict" : false
				},
				{
					"name" : "s66",
					"strict" : false
				},
				{
					"name" : "s77",
					"strict" : false
				},
				{
					"name" : "b11",
					"strict" : false
				},
				{
					"name" : "b22",
					"strict" : false
				},
				{
					"name" : "b33",
					"strict" : false
				},
				{
					"name" : "b44",
					"strict" : false
				},
				{
					"name" : "b55",
					"strict" : false
				},
				{
					"name" : "b66",
					"strict" : false
				},
				{
					"name" : "b77",
					"strict" : false
				},
				{
					"name" : "a77",
					"strict" : false
				},
				{
					"name" : "A3",
					"strict" : false
				},
				{
					"name" : "B3",
					"strict" : false
				},
				{
					"name" : "A2",
					"strict" : false
				},
				{
					"name" : "B2",
					"strict" : false
				},
				{
					"name" : "A1",
					"strict" : false
				},
				{
					"name" : "B1",
					"strict" : false
				},
				{
					"name" : "A0",
					"strict" : false
				},
				{
					"name" : "B0",
					"strict" : false
				}
			]
		}
	]
}