{
	"partitions" : [
		{
			"name" : "Top",
			"pins" : [
				{
					"name" : "seg00",
					"strict" : false
				},
				{
					"name" : "seg01",
					"strict" : false
				},
				{
					"name" : "seg02",
					"strict" : false
				},
				{
					"name" : "seg03",
					"strict" : false
				},
				{
					"name" : "seg04",
					"strict" : false
				},
				{
					"name" : "seg05",
					"strict" : false
				},
				{
					"name" : "seg06",
					"strict" : false
				},
				{
					"name" : "seg10",
					"strict" : false
				},
				{
					"name" : "seg13",
					"strict" : false
				},
				{
					"name" : "seg14",
					"strict" : false
				},
				{
					"name" : "seg15",
					"strict" : false
				},
				{
					"name" : "sega0",
					"strict" : false
				},
				{
					"name" : "sega1",
					"strict" : false
				},
				{
					"name" : "sega2",
					"strict" : false
				},
				{
					"name" : "sega3",
					"strict" : false
				},
				{
					"name" : "sega4",
					"strict" : false
				},
				{
					"name" : "sega5",
					"strict" : false
				},
				{
					"name" : "sega6",
					"strict" : false
				},
				{
					"name" : "segas",
					"strict" : false
				},
				{
					"name" : "segb0",
					"strict" : false
				},
				{
					"name" : "segb1",
					"strict" : false
				},
				{
					"name" : "segb2",
					"strict" : false
				},
				{
					"name" : "segb3",
					"strict" : false
				},
				{
					"name" : "segb4",
					"strict" : false
				},
				{
					"name" : "segb5",
					"strict" : false
				},
				{
					"name" : "segb6",
					"strict" : false
				},
				{
					"name" : "segbs",
					"strict" : false
				},
				{
					"name" : "segrs",
					"strict" : false
				},
				{
					"name" : "a1",
					"strict" : false
				},
				{
					"name" : "b1",
					"strict" : false
				},
				{
					"name" : "as",
					"strict" : false
				},
				{
					"name" : "bs",
					"strict" : false
				},
				{
					"name" : "b3",
					"strict" : false
				},
				{
					"name" : "b2",
					"strict" : false
				},
				{
					"name" : "op",
					"strict" : false
				},
				{
					"name" : "a3",
					"strict" : false
				},
				{
					"name" : "a2",
					"strict" : false
				},
				{
					"name" : "a4",
					"strict" : false
				},
				{
					"name" : "b4",
					"strict" : false
				}
			]
		}
	]
}