{
	"partitions" : [
		{
			"name" : "Top",
			"pins" : [
				{
					"name" : "Hex16",
					"strict" : false
				},
				{
					"name" : "Hex56",
					"strict" : false
				},
				{
					"name" : "Hex26",
					"strict" : false
				},
				{
					"name" : "Hex20",
					"strict" : false
				},
				{
					"name" : "Hex36",
					"strict" : false
				},
				{
					"name" : "Hex30",
					"strict" : false
				},
				{
					"name" : "Hex33",
					"strict" : false
				},
				{
					"name" : "Hex23",
					"strict" : false
				},
				{
					"name" : "Hex45",
					"strict" : false
				},
				{
					"name" : "Hex44",
					"strict" : false
				},
				{
					"name" : "Hex43",
					"strict" : false
				},
				{
					"name" : "Hex46",
					"strict" : false
				},
				{
					"name" : "Hex40",
					"strict" : false
				},
				{
					"name" : "Hex41",
					"strict" : false
				},
				{
					"name" : "Hex42",
					"strict" : false
				},
				{
					"name" : "Hex05",
					"strict" : false
				},
				{
					"name" : "Hex04",
					"strict" : false
				},
				{
					"name" : "Hex03",
					"strict" : false
				},
				{
					"name" : "Hex06",
					"strict" : false
				},
				{
					"name" : "Hex00",
					"strict" : false
				},
				{
					"name" : "Hex01",
					"strict" : false
				},
				{
					"name" : "Hex02",
					"strict" : false
				},
				{
					"name" : "xs",
					"strict" : false
				},
				{
					"name" : "ys",
					"strict" : false
				},
				{
					"name" : "x1",
					"strict" : false
				},
				{
					"name" : "x0",
					"strict" : false
				},
				{
					"name" : "x2",
					"strict" : false
				},
				{
					"name" : "y1",
					"strict" : false
				},
				{
					"name" : "y0",
					"strict" : false
				},
				{
					"name" : "y2",
					"strict" : false
				},
				{
					"name" : "x3",
					"strict" : false
				},
				{
					"name" : "y3",
					"strict" : false
				}
			]
		}
	]
}