{
	"partitions" : [
		{
			"name" : "Top",
			"pins" : [
				{
					"name" : "SIGN",
					"strict" : false
				},
				{
					"name" : "segA0",
					"strict" : false
				},
				{
					"name" : "segA1",
					"strict" : false
				},
				{
					"name" : "segA2",
					"strict" : false
				},
				{
					"name" : "segA3",
					"strict" : false
				},
				{
					"name" : "segA4",
					"strict" : false
				},
				{
					"name" : "segA5",
					"strict" : false
				},
				{
					"name" : "segA6",
					"strict" : false
				},
				{
					"name" : "segB0",
					"strict" : false
				},
				{
					"name" : "segB1",
					"strict" : false
				},
				{
					"name" : "segB2",
					"strict" : false
				},
				{
					"name" : "segB3",
					"strict" : false
				},
				{
					"name" : "segB4",
					"strict" : false
				},
				{
					"name" : "segB5",
					"strict" : false
				},
				{
					"name" : "segB6",
					"strict" : false
				},
				{
					"name" : "SINALB",
					"strict" : false
				},
				{
					"name" : "SINALA",
					"strict" : false
				},
				{
					"name" : "S1",
					"strict" : false
				},
				{
					"name" : "S2",
					"strict" : false
				},
				{
					"name" : "S3",
					"strict" : false
				},
				{
					"name" : "S4",
					"strict" : false
				},
				{
					"name" : "S5",
					"strict" : false
				},
				{
					"name" : "S6",
					"strict" : false
				},
				{
					"name" : "S7",
					"strict" : false
				},
				{
					"name" : "C1",
					"strict" : false
				},
				{
					"name" : "C2",
					"strict" : false
				},
				{
					"name" : "C3",
					"strict" : false
				},
				{
					"name" : "C4",
					"strict" : false
				},
				{
					"name" : "C5",
					"strict" : false
				},
				{
					"name" : "C6",
					"strict" : false
				},
				{
					"name" : "C7",
					"strict" : false
				},
				{
					"name" : "SA",
					"strict" : false
				},
				{
					"name" : "SB",
					"strict" : false
				},
				{
					"name" : "B0",
					"strict" : false
				},
				{
					"name" : "B2",
					"strict" : false
				},
				{
					"name" : "B3",
					"strict" : false
				},
				{
					"name" : "B1",
					"strict" : false
				},
				{
					"name" : "A0",
					"strict" : false
				},
				{
					"name" : "A2",
					"strict" : false
				},
				{
					"name" : "A3",
					"strict" : false
				},
				{
					"name" : "A1",
					"strict" : false
				}
			]
		}
	]
}