{
	"partitions" : [
		{
			"name" : "Top",
			"pins" : [
				{
					"name" : "Hex01",
					"strict" : false
				},
				{
					"name" : "Hex45",
					"strict" : false
				},
				{
					"name" : "Hex44",
					"strict" : false
				},
				{
					"name" : "Hex43",
					"strict" : false
				},
				{
					"name" : "Hex46",
					"strict" : false
				},
				{
					"name" : "Hex40",
					"strict" : false
				},
				{
					"name" : "Hex41",
					"strict" : false
				},
				{
					"name" : "Hex42",
					"strict" : false
				},
				{
					"name" : "Hex60",
					"strict" : false
				},
				{
					"name" : "Hex61",
					"strict" : false
				},
				{
					"name" : "Hex62",
					"strict" : false
				},
				{
					"name" : "Hex63",
					"strict" : false
				},
				{
					"name" : "Hex64",
					"strict" : false
				},
				{
					"name" : "Hex65",
					"strict" : false
				},
				{
					"name" : "Hex66",
					"strict" : false
				},
				{
					"name" : "Hex00",
					"strict" : false
				},
				{
					"name" : "Hex02",
					"strict" : false
				},
				{
					"name" : "Hex03",
					"strict" : false
				},
				{
					"name" : "Hex04",
					"strict" : false
				},
				{
					"name" : "Hex05",
					"strict" : false
				},
				{
					"name" : "Hex06",
					"strict" : false
				},
				{
					"name" : "Hex20",
					"strict" : false
				},
				{
					"name" : "Hex22",
					"strict" : false
				},
				{
					"name" : "Hex21",
					"strict" : false
				},
				{
					"name" : "Hex23",
					"strict" : false
				},
				{
					"name" : "Hex24",
					"strict" : false
				},
				{
					"name" : "Hex25",
					"strict" : false
				},
				{
					"name" : "Hex26",
					"strict" : false
				},
				{
					"name" : "sinalResto",
					"strict" : false
				},
				{
					"name" : "sinalRes",
					"strict" : false
				},
				{
					"name" : "sinalA",
					"strict" : false
				},
				{
					"name" : "sinalB",
					"strict" : false
				},
				{
					"name" : "X1",
					"strict" : false
				},
				{
					"name" : "Y3",
					"strict" : false
				},
				{
					"name" : "Y2",
					"strict" : false
				},
				{
					"name" : "X3",
					"strict" : false
				},
				{
					"name" : "Y1",
					"strict" : false
				},
				{
					"name" : "Y0",
					"strict" : false
				},
				{
					"name" : "X2",
					"strict" : false
				},
				{
					"name" : "X0",
					"strict" : false
				},
				{
					"name" : "Sw4",
					"strict" : false
				},
				{
					"name" : "Sw9",
					"strict" : false
				}
			]
		}
	]
}